Id,MSSubClass,MSZoning,LotFrontage,LotArea,Street,LotShape,LandContour,Utilities,LotConfig,LandSlope,Neighborhood,Condition1,Condition2,BldgType,HouseStyle,OverallQual,OverallCond,YearBuilt,YearRemodAdd,RoofStyle,RoofMatl,Exterior1st,Exterior2nd,MasVnrArea,ExterQual,ExterCond,Foundation,BsmtQual,BsmtCond,BsmtExposure,BsmtFinType1,BsmtFinSF1,BsmtFinType2,BsmtFinSF2,BsmtUnfSF,TotalBsmtSF,Heating,HeatingQC,CentralAir,Electrical,1stFlrSF,2ndFlrSF,LowQualFinSF,GrLivArea,BsmtFullBath,BsmtHalfBath,FullBath,HalfBath,BedroomAbvGr,KitchenAbvGr,KitchenQual,TotRmsAbvGrd,Functional,Fireplaces,FireplaceQu,GarageType,GarageYrBlt,GarageFinish,GarageCars,GarageArea,GarageQual,GarageCond,PavedDrive,WoodDeckSF,OpenPorchSF,EnclosedPorch,3SsnPorch,ScreenPorch,PoolArea,MiscVal,MoSold,YrSold,SaleType,SaleCondition,SalePrice
-1.6190163135986517,1.0522153055290697,0.0,-0.5383439779118515,-0.5304644960524189,0.0,0.8438196242002223,0.0,0.0,0.6717931354644928,0.0,-0.9640114757419949,0.0,0.0,0.0,1.0519943100411633,0.7305369330337214,-0.5897678246195879,0.7152187787755855,0.5984886729918534,0.0,0.0,0.6400775781817224,0.6070268837823639,1.3980523627944204,-0.9893045053244824,0.0,0.6751906048969997,-0.6900655593423545,0.0,0.3432032364918217,-0.4232252814119035,0.7991562511119701,0.0,0.0,-1.151391229919555,-0.6499562359580393,0.0,-0.5903137837529453,0.0,0.0,-0.7352056450338393,1.069607798037562,0.0,0.6798697495115794,1.1510864433221337,0.0,0.7242859683401482,1.0327955589886444,0.0,0.0,-0.7242859683401487,1.3248417596704078,0.0,-0.5654846967774623,0.0,-0.45927932677184596,0.7324709322541412,-0.07139943474719242,0.38490017945975047,0.44187839068651574,0.0,0.0,0.0,-0.789234432125921,0.7119655184739588,0.0,0.0,0.0,0.0,0.0,-1.7326721386462485,0.0,0.0,0.0,0.6394765334375305
-1.5475628809842235,-0.9296788395687225,0.0,-0.14334602962149903,-0.48772500162383464,0.0,-1.2213178771319007,0.0,0.0,-1.1304211414065988,0.0,1.4543756946165358,0.0,0.0,0.0,-0.7824207680931153,-1.0115126765082292,0.9337990556476822,-1.2165455993773042,0.7838142443178535,0.0,0.0,-1.5511082416060151,-1.8173565600355446,-0.7040427018774177,1.0108111250054495,0.0,-1.3503812097939998,1.4491376746189433,0.0,0.3432032364918217,1.288076943427533,-1.1828261140579979,0.0,0.0,1.587263930685799,0.7845500440549964,0.0,0.7652215715315956,0.0,0.0,0.621481708048661,-0.8626638454830287,0.0,-0.5287216762342188,-0.8687444855261387,0.0,-1.380670127148408,1.0327955589886444,0.0,0.0,-0.7242859683401487,-0.3864121799038685,0.0,-0.5654846967774623,0.0,-0.45927932677184596,-1.4162353575041882,1.2566300515505877,-1.1065880159467827,-0.9975790223730857,0.0,0.0,0.0,-0.789234432125921,0.8304141646601452,0.0,0.0,0.0,0.0,0.0,-0.03200186008053754,0.0,0.0,0.0,-0.6387130051698928
-1.5060737910790716,-0.9296788395687225,0.0,-0.43959449083926344,-0.8523747306847342,0.0,0.8438196242002223,0.0,0.0,0.6717931354644928,0.0,1.4543756946165358,0.0,0.0,0.0,-0.7824207680931153,-1.0115126765082292,2.4573659359149524,-1.2165455993773042,-1.6871933733621483,0.0,0.0,-1.5511082416060151,-1.8173565600355446,-0.7040427018774177,1.0108111250054495,0.0,-1.3503812097939998,1.4491376746189433,0.0,0.3432032364918217,-0.9936593563583823,0.9591746573650695,0.0,0.0,-1.0446903795063593,-0.268192467890054,0.0,-0.5903137837529453,0.0,0.0,-0.37415175268123846,-0.8626638454830287,0.0,-1.2132558240114033,1.1510864433221337,0.0,-1.380670127148408,-0.9682458365518541,0.0,0.0,1.3806701271484076,-0.3864121799038685,0.0,-0.5654846967774623,0.0,-0.45927932677184596,-1.4162353575041882,1.2566300515505877,-1.1065880159467827,-0.3999703490811934,0.0,0.0,0.0,-0.789234432125921,-1.0943763358653826,0.0,0.0,0.0,0.0,0.0,-2.157839708287676,-0.8269362305593853,0.0,0.0,-1.1216806499353351
-1.4876341955656707,1.0522153055290697,0.0,1.8316437118302635,0.9222236390468012,0.0,-1.2213178771319007,0.0,0.0,-1.7311592336969626,0.0,-0.9640114757419949,0.0,0.0,0.0,1.0519943100411633,0.7305369330337214,-0.5897678246195879,0.7674286268337718,0.6602638634338535,0.0,0.0,0.6400775781817224,0.6070268837823639,-0.7040427018774177,-0.9893045053244824,0.0,0.6751906048969997,-0.6900655593423545,0.0,0.3432032364918217,1.288076943427533,-1.1828261140579979,0.0,0.0,0.6523612413511326,-0.6345314372482218,0.0,-0.5903137837529453,0.0,0.0,-0.7206176089791888,1.0831834770318518,0.0,0.7049442604191686,-0.8687444855261387,0.0,0.7242859683401482,1.0327955589886444,0.0,0.0,-0.7242859683401487,0.46921478988326965,0.0,-0.5654846967774623,0.0,-0.45927932677184596,0.7905440752205826,-0.07139943474719242,0.38490017945975047,0.5302205423905346,0.0,0.0,0.0,-0.789234432125921,0.9784749723928781,0.0,0.0,0.0,0.0,0.0,0.8183332792023179,-1.6538724611187705,0.0,0.0,0.38016504631514536
-1.4553649034172191,-0.9296788395687225,0.0,-0.14334602962149903,-0.9173933232728997,0.0,0.8438196242002223,0.0,0.0,-1.7311592336969626,0.0,0.07244016869737543,0.0,0.0,0.0,-0.7824207680931153,-1.8825374812792044,0.9337990556476822,-0.3811880304463248,0.7838142443178535,0.0,0.0,-1.5511082416060151,-0.4319945921395968,-0.7040427018774177,1.0108111250054495,0.0,-1.3503812097939998,1.4491376746189433,0.0,0.3432032364918217,-1.5640934313048611,0.4033212461700927,0.0,0.0,-0.8211266929263306,-0.6923744324100377,0.0,2.120756926816137,0.0,0.0,-0.7753227441841284,-0.8626638454830287,0.0,-1.4890754439948841,1.1510864433221337,0.0,-1.380670127148408,-0.9682458365518541,-1.8224786888818676,0.0,1.3806701271484076,-2.097666119478145,0.0,-0.5654846967774623,0.0,2.7046449243230932,-0.19669935520892015,1.2566300515505877,0.38490017945975047,-0.5350818752167517,0.0,0.0,0.0,-0.789234432125921,-1.0943763358653826,0.0,0.0,0.0,0.0,0.0,-0.03200186008053754,-0.8269362305593853,0.0,0.0,-1.0676574234515048
-1.4138758135120673,-0.9296788395687225,0.0,-1.0320914132747923,-0.7032411756573339,0.0,0.8438196242002223,0.0,0.0,0.6717931354644928,0.0,-0.9640114757419949,0.0,0.0,0.0,-0.7824207680931153,-1.8825374812792044,-0.5897678246195879,0.24533014625190966,0.10428714945585302,0.0,0.0,0.6400775781817224,0.6070268837823639,-0.7040427018774177,1.0108111250054495,0.0,0.6751906048969997,-0.6900655593423545,0.0,0.3432032364918217,-0.4232252814119035,0.46789007676344857,0.0,0.0,-0.5111861274403814,-0.13322547917915012,0.0,-0.5903137837529453,0.0,0.0,-0.2465064372030462,-0.8626638454830287,0.0,-1.1254950358348412,1.1510864433221337,0.0,-1.380670127148408,-0.9682458365518541,0.0,0.0,1.3806701271484076,-1.2420391496910066,0.0,-0.5654846967774623,0.0,-0.45927932677184596,-0.6032113559740095,1.2566300515505877,-2.598076211353316,-2.4058568524783275,0.0,0.0,0.0,-0.789234432125921,-1.0943763358653826,0.0,0.0,0.0,0.0,0.0,0.8183332792023179,-0.8269362305593853,0.0,0.0,-1.1951522379533441
-1.3816065213636157,-0.9296788395687225,0.0,2.325391147193204,0.35706202654967106,0.0,-1.2213178771319007,0.0,0.0,-1.7311592336969626,0.0,-0.9640114757419949,0.0,0.0,0.0,-0.7824207680931153,0.7305369330337214,-0.5897678246195879,1.0284778671247028,0.9691398156438537,0.0,0.0,0.6400775781817224,0.6070268837823639,-0.7040427018774177,1.0108111250054495,0.0,0.6751906048969997,-0.6900655593423545,0.0,0.3432032364918217,1.288076943427533,-1.1828261140579979,0.0,0.0,1.58218293780898,0.7768376447000875,0.0,-0.5903137837529453,0.0,0.0,0.6141876900213358,-0.8626638454830287,0.0,-0.5337365784157366,-0.8687444855261387,0.0,0.7242859683401482,-0.9682458365518541,0.0,0.0,-0.7242859683401487,-0.3864121799038685,0.0,-0.5654846967774623,0.0,-0.45927932677184596,1.080909790052789,-0.07139943474719242,1.8763883748662835,1.4396250452260229,0.0,0.0,0.0,-0.789234432125921,-0.028338520189705764,0.0,0.0,0.0,0.0,0.0,-0.4571694297219653,1.6538724611187705,0.0,0.0,0.4320273437396224
-1.319372886505888,1.0522153055290697,0.0,1.7328942247576755,2.0839194716535325,0.0,0.8438196242002223,0.0,0.0,-1.7311592336969626,0.0,0.24518210943727048,0.0,0.0,0.0,1.0519943100411633,0.7305369330337214,0.9337990556476822,-1.2165455993773042,-1.6871933733621483,0.0,0.0,-0.820712968343436,-1.1246755760875706,2.6099745174266533,1.0108111250054495,0.0,-1.3503812097939998,1.4491376746189433,0.0,0.3432032364918217,0.7176428684810541,0.06644039090040975,0.0,0.0,-0.31556790168285614,-0.3877346578911403,0.0,-0.5903137837529453,0.0,0.0,0.5777175998847094,1.266455143454765,0.0,1.8007003870808156,-0.8687444855261387,0.0,0.7242859683401482,1.0327955589886444,1.8224786888818676,0.0,-0.7242859683401487,1.3248417596704078,0.0,3.4799058263228453,0.0,-0.45927932677184596,-1.4162353575041882,-1.3994289210449724,0.38490017945975047,0.12488596398385982,0.0,0.0,0.0,0.23629773416943736,0.8600263262066917,0.0,0.0,0.0,0.0,0.0,-0.4571694297219653,-1.6538724611187705,0.0,0.0,1.017639118824342
-1.3147629876275377,-0.9296788395687225,0.0,0.44915089281402976,-1.013329848000892,0.0,0.8438196242002223,0.0,0.0,-1.7311592336969626,0.0,0.24518210943727048,0.0,0.0,0.0,-0.7824207680931153,-1.0115126765082292,0.9337990556476822,-1.5820145357846076,0.5367134825498533,0.0,0.0,-0.820712968343436,-1.1246755760875706,-0.7040427018774177,1.0108111250054495,0.0,-1.3503812097939998,1.4491376746189433,0.0,0.3432032364918217,0.7176428684810541,-0.0458532275228179,0.0,0.0,0.13918096079242992,0.14827709727502086,0.0,0.7652215715315956,0.0,0.0,0.982535600401262,-0.8626638454830287,0.0,-0.280484018249086,1.1510864433221337,0.0,-1.380670127148408,-0.9682458365518541,0.0,0.0,-0.7242859683401487,0.46921478988326965,0.0,-0.5654846967774623,0.0,2.7046449243230932,-0.9516502137726575,1.2566300515505877,0.38490017945975047,0.8368197747750706,0.0,0.0,0.0,-0.789234432125921,-1.0943763358653826,0.0,0.0,0.0,0.0,0.0,0.3931657095608902,-0.8269362305593853,0.0,0.0,-0.6084599983389478
-1.298628341553312,1.0522153055290697,0.0,-0.5383439779118515,2.641351601115706,0.0,-1.2213178771319007,0.0,0.0,0.6717931354644928,0.0,-0.9640114757419949,0.0,0.0,0.0,1.0519943100411633,-0.14048787173725394,-0.5897678246195879,0.4019596904264683,0.2278375303398531,0.0,0.0,0.6400775781817224,0.6070268837823639,-0.7040427018774177,1.0108111250054495,0.0,0.6751906048969997,-0.6900655593423545,0.0,0.3432032364918217,-0.4232252814119035,1.1220004040787497,0.0,0.0,-1.2606325767711601,-0.37230985918132276,0.0,-0.5903137837529453,0.0,0.0,-0.47262099605012964,1.0288807610546924,0.0,0.8152721084125609,1.1510864433221337,0.0,0.7242859683401482,1.0327955589886444,0.0,0.0,-0.7242859683401487,0.46921478988326965,0.0,-0.5654846967774623,0.0,-0.45927932677184596,0.3840320744554932,-0.07139943474719242,0.38490017945975047,0.03654381227984096,0.0,0.0,0.0,1.9064501192790209,1.8372276572427289,0.0,0.0,0.0,0.0,0.0,0.8183332792023179,0.8269362305593853,0.0,0.0,1.1364902170887685
-1.2894085437966116,-0.9296788395687225,0.0,0.7453993540317941,0.3265987698824887,0.0,-1.2213178771319007,0.0,0.0,0.6717931354644928,0.0,-0.9640114757419949,0.0,0.0,0.0,-0.7824207680931153,0.7305369330337214,-0.5897678246195879,0.5063793865428406,0.3513879112238532,0.0,0.0,0.6400775781817224,0.6070268837823639,1.2586276901376148,-0.9893045053244824,0.0,0.6751906048969997,-0.6900655593423545,0.0,-4.216496905470957,-0.4232252814119035,0.7233580586762914,0.0,0.0,0.527876915869071,1.7948743595480485,0.0,-0.5903137837529453,0.0,0.0,1.6171151687785605,-0.8626638454830287,0.0,0.15581247154296568,1.1510864433221337,0.0,0.7242859683401482,-0.9682458365518541,0.0,0.0,-0.7242859683401487,-0.3864121799038685,0.0,-0.5654846967774623,0.0,-0.45927932677184596,0.5001783603883758,-0.07139943474719242,0.38490017945975047,0.5925797082992538,0.0,0.0,0.0,0.6172096816505704,-0.23562365101553184,0.0,0.0,0.0,0.0,0.0,-0.03200186008053754,0.8269362305593853,0.0,0.0,0.5422347257666361
-1.280188746039911,1.0522153055290697,0.0,-0.14334602962149903,-0.050781872412457345,0.0,-1.2213178771319007,0.0,0.0,-1.1304211414065988,0.0,-0.4457856535223097,0.0,0.0,0.0,1.0519943100411633,0.7305369330337214,-0.5897678246195879,0.6107990826592131,0.47493829210785327,0.0,0.0,0.6400775781817224,0.6070268837823639,1.226452765678352,-0.9893045053244824,0.0,0.6751906048969997,-0.6900655593423545,0.0,0.3432032364918217,1.288076943427533,-1.1828261140579979,0.0,0.0,0.7133331558729586,-0.5419826449893163,0.0,-0.5903137837529453,0.0,0.0,-0.6330893926512856,1.7416039082549102,0.0,1.4947913540082276,-0.8687444855261387,0.0,0.7242859683401482,1.0327955589886444,0.0,0.0,-0.7242859683401487,1.3248417596704078,0.0,1.4572105647726916,0.0,1.1226827987756236,0.6163246463212585,-1.3994289210449724,0.38490017945975047,-0.15053368544631662,0.0,0.0,0.0,0.6172096816505704,0.3270074183688532,0.0,0.0,0.0,0.0,0.0,-0.4571694297219653,1.6538724611187705,0.0,0.0,0.9420066017469798
-1.277883796600736,-0.9296788395687225,0.0,-0.7358429520570278,-0.9624061950647065,0.0,0.8438196242002223,0.0,0.0,0.6717931354644928,0.0,1.627117635356431,0.0,0.0,0.0,-0.7824207680931153,0.7305369330337214,-0.5897678246195879,0.7674286268337718,0.7220390538758534,0.0,0.0,0.6400775781817224,0.6070268837823639,0.5829542764930953,1.0108111250054495,0.0,0.6751906048969997,-0.6900655593423545,0.0,0.3432032364918217,-0.4232252814119035,0.7261653991368722,0.0,0.0,-0.5162671203172002,0.2138324917917456,0.0,-0.5903137837529453,0.0,0.0,0.08172437402659097,-0.8626638454830287,0.0,-0.8998244376665386,1.1510864433221337,0.0,-1.380670127148408,-0.9682458365518541,0.0,0.0,-0.7242859683401487,-0.3864121799038685,0.0,-0.5654846967774623,0.0,-0.45927932677184596,-0.6032113559740095,1.2566300515505877,-2.598076211353316,-2.4058568524783275,0.0,0.0,0.0,-0.789234432125921,-1.0943763358653826,0.0,0.0,0.0,0.0,0.0,-0.882336999363393,0.0,0.0,0.0,-0.8191505816258857
-1.2686639988440356,1.0522153055290697,0.0,-0.14334602962149903,2.358088781658174,0.0,-1.2213178771319007,0.0,0.0,-1.1304211414065988,0.0,0.5906659909170606,0.0,0.0,0.0,1.0519943100411633,-0.14048787173725394,-0.5897678246195879,-0.9554963590863731,-1.378317421152148,0.0,0.0,-1.5511082416060151,-1.8173565600355446,1.9986509527006597,1.0108111250054495,0.0,-1.3503812097939998,1.4491376746189433,0.0,0.3432032364918217,0.7176428684810541,-0.014972482456430299,0.0,0.0,-0.4934026523715155,-0.7694984259591257,0.0,0.7652215715315956,0.0,0.0,0.1437235272588558,1.164637550997591,0.0,1.3894784081963532,-0.8687444855261387,0.0,0.7242859683401482,1.0327955589886444,1.8224786888818676,0.0,1.3806701271484076,1.3248417596704078,0.0,1.4572105647726916,0.0,-0.45927932677184596,-1.1258696426719814,-0.07139943474719242,0.38490017945975047,0.16645874125633928,0.0,0.0,0.0,-0.789234432125921,0.8600263262066917,0.0,0.0,0.0,0.0,0.0,-0.03200186008053754,-1.6538724611187705,0.0,0.0,0.23970465745718678
-1.2502244033306347,-0.9296788395687225,0.0,-0.14334602962149903,0.6835190159084317,0.0,-1.2213178771319007,0.0,0.0,-1.1304211414065988,0.0,2.3180853983160112,0.0,0.0,0.0,-0.7824207680931153,-0.14048787173725394,0.9337990556476822,-0.2767683343299524,-0.5752399454061474,0.0,0.0,-0.45551533171214637,-0.4319945921395968,-0.7040427018774177,1.0108111250054495,0.0,0.6751906048969997,-0.6900655593423545,0.0,0.3432032364918217,-0.9936593563583823,0.6700185899252583,0.0,0.0,-0.07930173291078013,0.799974842764814,0.0,2.120756926816137,0.0,0.0,0.6360697441033115,-0.8626638454830287,0.0,-0.5186918718711832,-0.8687444855261387,0.0,0.7242859683401482,-0.9682458365518541,0.0,0.0,1.3806701271484076,-0.3864121799038685,0.0,-0.5654846967774623,0.0,-0.45927932677184596,-0.37091878410824414,1.2566300515505877,0.38490017945975047,0.27558728159659784,0.0,0.0,0.0,-0.789234432125921,-1.0943763358653826,0.0,0.0,0.0,0.0,0.0,-0.03200186008053754,0.0,0.0,0.0,-0.35455083386494574
-1.2433095550131095,0.3090050011173976,0.0,-1.5258388486377328,-1.8717571403537332,0.0,0.8438196242002223,0.0,0.0,0.6717931354644928,0.0,1.1088918131367458,0.0,0.0,0.0,-1.3938924608045415,-1.8825374812792044,0.9337990556476822,-1.7386440799591663,-2.304945277782149,0.0,0.0,-0.820712968343436,-1.1246755760875706,-0.7040427018774177,1.0108111250054495,0.0,-1.3503812097939998,1.4491376746189433,0.0,0.3432032364918217,1.288076943427533,-1.1828261140579979,0.0,0.0,0.7082521629961398,-0.549695044344225,0.0,-0.5903137837529453,0.0,0.0,-0.6403834106786108,-0.8626638454830287,0.0,-1.3962997536368043,-0.8687444855261387,0.0,-1.380670127148408,-0.9682458365518541,-3.644957377763735,0.0,1.3806701271484076,-2.097666119478145,0.0,-0.5654846967774623,0.0,-0.45927932677184596,-0.6032113559740095,1.2566300515505877,-2.598076211353316,-2.4058568524783275,0.0,0.0,0.0,-0.789234432125921,-1.0943763358653826,0.0,0.0,0.0,0.0,0.0,-0.882336999363393,-0.8269362305593853,0.0,0.0,-1.635981766061399
-1.231784807817234,1.0522153055290697,0.0,-0.8345924391296159,-0.6241276434171886,0.0,-1.2213178771319007,0.0,0.0,0.6717931354644928,0.0,-0.4457856535223097,0.0,0.0,0.0,1.0519943100411633,0.7305369330337214,-0.5897678246195879,0.7674286268337718,0.6602638634338535,0.0,0.0,0.6400775781817224,0.6070268837823639,-0.7040427018774177,-0.9893045053244824,0.0,0.6751906048969997,-0.6900655593423545,0.0,0.3432032364918217,1.288076943427533,-1.1828261140579979,0.0,0.0,0.6015513125829443,-0.7116554307973096,0.0,-0.5903137837529453,0.0,0.0,-0.7935577892524416,1.1284357403461514,0.0,0.7049442604191686,-0.8687444855261387,0.0,0.7242859683401482,1.0327955589886444,0.0,0.0,-0.7242859683401487,0.46921478988326965,0.0,1.4572105647726916,0.0,-0.45927932677184596,0.7905440752205826,-1.3994289210449724,0.38490017945975047,-0.11935410249195702,0.0,0.0,0.0,0.18746286910775362,0.3270074183688532,0.0,0.0,0.0,0.0,0.0,-0.4571694297219653,-0.8269362305593853,0.0,0.0,0.09924426859922818
-1.1326719819327045,-0.9296788395687225,0.0,1.2391467893947348,0.3652461850572723,0.0,0.8438196242002223,0.0,0.0,-1.7311592336969626,0.0,-0.6185275942622048,0.0,0.0,0.0,-0.7824207680931153,-0.14048787173725394,-0.5897678246195879,1.0284778671247028,0.9691398156438537,0.0,0.0,0.6400775781817224,0.6070268837823639,-0.7040427018774177,1.0108111250054495,0.0,0.6751906048969997,-0.6900655593423545,0.0,-1.9366468344895675,-0.4232252814119035,-1.0817618574770929,0.0,0.0,1.4551581158885092,0.7228508492157261,0.0,-0.5903137837529453,0.0,0.0,0.5631295638300589,-0.8626638454830287,0.0,-0.5688408936863615,-0.8687444855261387,0.0,0.7242859683401482,-0.9682458365518541,0.0,0.0,-0.7242859683401487,-0.3864121799038685,0.0,-0.5654846967774623,0.0,-0.45927932677184596,1.080909790052789,-0.07139943474719242,0.38490017945975047,-0.015422159310758366,0.0,0.0,0.0,0.18746286910775362,-0.4429087818413579,0.0,0.0,0.0,0.0,0.0,-1.3075045690048208,1.6538724611187705,0.0,0.0,0.15326749508305842
-1.1211472347368288,-0.9296788395687225,0.0,-0.5383439779118515,-0.5304644960524189,0.0,0.8438196242002223,0.0,0.0,0.6717931354644928,0.0,-0.9640114757419949,0.0,0.0,0.0,-0.7824207680931153,0.7305369330337214,-0.5897678246195879,0.7674286268337718,0.6602638634338535,0.0,0.0,0.6400775781817224,0.6070268837823639,2.1488006001772195,-0.9893045053244824,0.0,0.6751906048969997,-0.6900655593423545,0.0,-1.9366468344895675,-0.4232252814119035,1.4729179616513361,0.0,0.0,-0.2876224408603525,1.586639576965511,0.0,-0.5903137837529453,0.0,0.0,1.3800595828904891,-0.8626638454830287,0.0,-0.0071718493563639645,1.1510864433221337,0.0,0.7242859683401482,-0.9682458365518541,0.0,0.0,-0.7242859683401487,1.3248417596704078,0.0,-0.5654846967774623,0.0,-0.45927932677184596,0.7905440752205826,1.2566300515505877,0.38490017945975047,0.10929617250668001,0.0,0.0,0.0,0.5683748165888868,1.8076154956961823,0.0,0.0,0.0,0.0,0.0,-0.882336999363393,0.0,0.0,0.0,0.6718904693278286
-1.0473888526832253,1.0522153055290697,0.0,0.15290243159626535,0.7730900840194007,0.0,0.8438196242002223,0.0,0.0,0.6717931354644928,0.0,-0.9640114757419949,0.0,0.0,0.0,1.0519943100411633,0.7305369330337214,-0.5897678246195879,0.7152187787755855,0.5984886729918534,0.0,0.0,0.6400775781817224,0.6070268837823639,0.3791797549177641,-0.9893045053244824,0.0,0.6751906048969997,-0.6900655593423545,0.0,0.3432032364918217,1.288076943427533,-1.1828261140579979,0.0,0.0,0.6015513125829443,-0.7116554307973096,0.0,-0.5903137837529453,0.0,0.0,-0.7935577892524416,1.0107798557289727,0.0,0.5745568036997049,-0.8687444855261387,0.0,0.7242859683401482,1.0327955589886444,0.0,0.0,-0.7242859683401487,1.3248417596704078,0.0,-0.5654846967774623,0.0,-0.45927932677184596,0.7324709322541412,-0.07139943474719242,0.38490017945975047,0.19244172705163895,0.0,0.0,0.0,0.6172096816505704,0.9192506492997848,0.0,0.0,0.0,0.0,0.0,1.2435008488437458,-0.8269362305593853,0.0,0.0,0.023611751521865856
-1.038169054926525,1.0522153055290697,0.0,-0.5383439779118515,-0.568657235754558,0.0,-1.2213178771319007,0.0,0.0,0.6717931354644928,0.0,1.627117635356431,0.0,0.0,0.0,1.0519943100411633,-0.14048787173725394,-0.5897678246195879,0.7674286268337718,0.6602638634338535,0.0,0.0,0.6400775781817224,0.6070268837823639,-0.7040427018774177,-0.9893045053244824,0.0,0.6751906048969997,-0.6900655593423545,0.0,0.3432032364918217,1.288076943427533,-1.1828261140579979,0.0,0.0,0.49485046216974865,-0.8736158172503944,0.0,-0.5903137837529453,0.0,0.0,-0.9467321678262722,1.0424564400489822,0.0,0.5043481731584553,-0.8687444855261387,0.0,0.7242859683401482,1.0327955589886444,0.0,0.0,-0.7242859683401487,-0.3864121799038685,0.0,-0.5654846967774623,0.0,-0.45927932677184596,0.7905440752205826,-0.07139943474719242,0.38490017945975047,0.2963736702328376,0.0,0.0,0.0,0.55860784357655,0.23817093372921347,0.0,0.0,0.0,0.0,0.0,2.5190035577680288,0.0,0.0,0.0,-0.1276532826328588
-0.992070066143023,1.0522153055290697,0.0,2.127892173048028,0.9763300202914982,0.0,-1.2213178771319007,0.0,0.0,-1.1304211414065988,0.0,0.7634079316569556,0.0,0.0,0.0,1.0519943100411633,1.6015617378046967,2.4573659359149524,0.5063793865428406,0.8455894347598536,0.0,0.0,0.6400775781817224,0.6070268837823639,3.0282485353970703,-0.9893045053244824,0.0,0.6751906048969997,-0.6900655593423545,0.0,0.3432032364918217,-0.4232252814119035,0.28822028728628435,0.0,0.0,0.06296606764014735,0.4914788685684622,0.0,-0.5903137837529453,0.0,0.0,0.38807313117425235,1.6397863157977364,0.0,2.084042360336573,-0.8687444855261387,0.0,0.7242859683401482,1.0327955589886444,1.8224786888818676,0.0,-0.7242859683401487,2.180468729457546,0.0,1.4572105647726916,0.0,-0.45927932677184596,0.5001783603883758,-1.3994289210449724,1.8763883748662835,1.0810598412508874,0.0,0.0,0.0,0.5000060055025295,0.5935168722877725,0.0,0.0,0.0,0.0,0.0,-0.882336999363393,1.6538724611187705,0.0,0.0,2.400633716810396
-0.9874601672646727,-0.9296788395687225,0.0,0.5479003798866179,-0.5923003603320727,0.0,0.8438196242002223,0.0,0.0,-1.7311592336969626,0.0,0.07244016869737543,0.0,0.0,0.0,-0.7824207680931153,-1.0115126765082292,2.4573659359149524,-0.3811880304463248,-0.6987903262901476,0.0,0.0,-1.5511082416060151,-1.4710160680615576,-0.7040427018774177,1.0108111250054495,0.0,-1.3503812097939998,1.4491376746189433,0.0,-4.216496905470957,-1.5640934313048611,0.34998177741905956,0.0,0.0,-0.8465316573104248,-0.8042042230562152,0.0,2.120756926816137,0.0,0.0,-0.8810860055803448,-0.8626638454830287,0.0,-1.5617915256268928,-0.8687444855261387,0.0,-1.380670127148408,-0.9682458365518541,-1.8224786888818676,0.0,1.3806701271484076,-1.2420391496910066,0.0,-0.5654846967774623,0.0,-0.45927932677184596,-0.4870650700411268,1.2566300515505877,-1.1065880159467827,-1.0339552024865053,0.0,0.0,0.0,0.8516170339466523,-1.0943763358653826,0.0,0.0,0.0,0.0,0.0,-0.03200186008053754,-0.8269362305593853,0.0,0.0,-1.1757038764191652
-0.9574958245553963,-0.9296788395687225,0.0,-0.14334602962149903,-0.6782340246618856,0.0,-1.2213178771319007,0.0,0.0,-1.7311592336969626,0.0,0.24518210943727048,0.0,0.0,0.0,-0.7824207680931153,-1.8825374812792044,-2.113334704886858,-0.9554963590863731,-1.378317421152148,0.0,0.0,-1.5511082416060151,-1.8173565600355446,-0.7040427018774177,1.0108111250054495,0.0,-1.3503812097939998,1.4491376746189433,0.0,0.3432032364918217,-0.9936593563583823,0.5408809287385465,0.0,0.0,-0.9125845647090697,-0.6422438366031306,0.0,2.120756926816137,0.0,0.0,-0.7279116270065141,-0.8626638454830287,0.0,-1.4564785798150184,-0.8687444855261387,0.0,-1.380670127148408,-0.9682458365518541,0.0,0.0,1.3806701271484076,-1.2420391496910066,0.0,-0.5654846967774623,0.0,-0.45927932677184596,-0.6032113559740095,1.2566300515505877,-2.598076211353316,-2.4058568524783275,0.0,0.0,0.0,-0.789234432125921,-1.0943763358653826,0.0,0.0,0.0,0.0,0.0,-0.03200186008053754,-1.6538724611187705,0.0,0.0,-1.9644429830830867
-0.9160067346502444,-0.9296788395687225,0.0,0.9428983281769704,0.34978721898735887,0.0,0.8438196242002223,0.0,0.0,0.6717931354644928,0.0,-0.9640114757419949,0.0,0.0,0.0,-0.7824207680931153,1.6015617378046967,-0.5897678246195879,0.7674286268337718,0.7220390538758534,0.0,0.0,-1.9163058782373048,-2.1636970520095313,1.9343011037821343,-0.9893045053244824,0.0,0.6751906048969997,-0.6900655593423545,0.0,0.3432032364918217,-0.4232252814119035,2.927120320232134,0.0,0.0,-0.17075960469351922,3.761536195049791,0.0,-0.5903137837529453,0.0,0.0,3.4369726665962155,-0.8626638454830287,0.0,1.4070305658316655,1.1510864433221337,0.0,0.7242859683401482,-0.9682458365518541,0.0,0.0,-0.7242859683401487,1.3248417596704078,0.0,-0.5654846967774623,0.0,-0.45927932677184596,0.7905440752205826,-1.3994289210449724,1.8763883748662835,2.208721424766893,0.0,0.0,0.0,0.8516170339466523,-1.0943763358653826,0.0,0.0,0.0,0.0,0.0,0.3931657095608902,-0.8269362305593853,0.0,0.0,2.7442214372475564
-0.9090918863327191,-0.4342053032942745,0.0,-0.14334602962149903,1.2391324434800268,0.0,-1.2213178771319007,0.0,0.0,0.6717931354644928,0.0,-0.6185275942622048,0.0,0.0,0.0,-0.7824207680931153,-1.8825374812792044,-0.5897678246195879,-2.5740016488901456,-2.675596420434149,0.0,0.0,0.6400775781817224,0.6070268837823639,-0.7040427018774177,1.0108111250054495,0.0,-1.3503812097939998,1.4491376746189433,0.0,0.3432032364918217,-0.9936593563583823,-0.4473029133858567,0.0,0.0,-0.010708329073725806,-0.6306752375707674,0.0,-0.5903137837529453,0.0,0.0,-0.7169705999655261,-0.8626638454830287,0.0,-1.4489562265427416,-0.8687444855261387,0.0,-1.380670127148408,-0.9682458365518541,-3.644957377763735,0.0,1.3806701271484076,-2.097666119478145,0.0,-0.5654846967774623,0.0,2.7046449243230932,-1.706601072336395,1.2566300515505877,0.38490017945975047,0.3951090162549763,0.0,0.0,0.0,0.7539473038232849,-1.0943763358653826,0.0,0.0,0.0,0.0,0.0,-1.3075045690048208,0.8269362305593853,0.0,0.0,-2.083294081347513
-0.8929572402584933,1.0522153055290697,0.0,0.05415294452367723,-0.8282769306345751,0.0,-1.2213178771319007,0.0,0.0,0.6717931354644928,0.0,-0.4457856535223097,0.0,0.0,0.0,1.0519943100411633,0.7305369330337214,-0.5897678246195879,0.7674286268337718,0.7220390538758534,0.0,0.0,0.6400775781817224,0.6070268837823639,-0.7040427018774177,-0.9893045053244824,0.0,0.6751906048969997,-0.6900655593423545,0.0,0.3432032364918217,-0.4232252814119035,0.010293581688795921,0.0,0.0,-0.793181232103827,-1.189824190801655,0.0,-0.5903137837529453,0.0,0.0,-1.2457869069466083,0.7573671811688951,0.0,-0.017201653719399634,1.1510864433221337,0.0,0.7242859683401482,1.0327955589886444,0.0,0.0,-0.7242859683401487,-0.3864121799038685,0.0,1.4572105647726916,0.0,-0.45927932677184596,0.7905440752205826,-1.3994289210449724,0.38490017945975047,-0.16092687976443648,0.0,0.0,0.0,0.18746286910775362,0.41584390300849294,0.0,0.0,0.0,0.0,0.0,0.3931657095608902,0.8269362305593853,0.0,0.0,0.20729072156688863
-0.8560780492316916,-0.9296788395687225,0.0,-0.044596542548910906,-0.6550455755570155,0.0,0.8438196242002223,0.0,0.0,0.6717931354644928,0.0,0.24518210943727048,0.0,0.0,0.0,-0.7824207680931153,-1.0115126765082292,0.9337990556476822,-1.634224383842794,-0.08103842187014712,0.0,0.0,1.005275214813012,0.9533673757563509,-0.7040427018774177,1.0108111250054495,0.0,-1.3503812097939998,1.4491376746189433,0.0,0.3432032364918217,0.7176428684810541,1.192183915593267,0.0,0.0,-0.99896144361499,0.12128369953284007,0.0,0.08745389388932522,0.0,0.0,-0.005803842301312278,-0.8626638454830287,0.0,-0.9600032638447527,1.1510864433221337,0.0,-1.380670127148408,-0.9682458365518541,0.0,0.0,1.3806701271484076,-0.3864121799038685,0.0,-0.5654846967774623,0.0,-0.45927932677184596,-1.8808205012357189,-0.07139943474719242,-1.1065880159467827,-0.8053049274878682,0.0,0.0,0.0,-0.789234432125921,-1.0943763358653826,0.0,0.0,0.0,0.0,0.0,0.8183332792023179,-0.8269362305593853,0.0,0.0,-0.86236916281295
-0.8353335042791157,1.0522153055290697,0.0,1.436645763539911,2.079827392399732,0.0,0.8438196242002223,0.0,0.0,0.6717931354644928,0.0,2.145343457576116,0.0,0.0,0.0,1.0519943100411633,1.6015617378046967,-0.5897678246195879,0.6630089307173993,0.5367134825498533,0.0,0.0,0.6400775781817224,0.6070268837823639,-0.7040427018774177,-0.9893045053244824,0.0,0.6751906048969997,-0.6900655593423545,0.0,0.3432032364918217,1.288076943427533,-1.1828261140579979,0.0,0.0,0.9241943602609405,-0.22191807176060127,0.0,-0.5903137837529453,0.0,0.0,-0.23556541016205831,1.2076272011461755,0.0,1.176345065481845,-0.8687444855261387,0.0,0.7242859683401482,1.0327955589886444,1.8224786888818676,0.0,-0.7242859683401487,2.180468729457546,0.0,-0.5654846967774623,0.0,-0.45927932677184596,0.6743977892876999,-1.3994289210449724,0.38490017945975047,-0.1661234769234964,0.0,0.0,0.0,0.5293069245395398,-1.0943763358653826,0.0,0.0,0.0,0.0,0.0,-0.882336999363393,1.6538724611187705,0.0,0.0,0.5184645061137507
-0.798454313252314,-0.9296788395687225,0.0,-0.14334602962149903,-0.16763346888209726,0.0,-1.2213178771319007,0.0,0.0,0.6717931354644928,0.0,-0.4457856535223097,0.0,0.0,0.0,-0.7824207680931153,-0.14048787173725394,0.9337990556476822,0.14091045013553724,-0.08103842187014712,0.0,0.0,-1.5511082416060151,-1.8173565600355446,0.4328046290165355,1.0108111250054495,0.0,0.6751906048969997,-0.6900655593423545,0.0,0.3432032364918217,-0.4232252814119035,0.3892845438671892,0.0,0.0,-0.013248825512135224,0.5146160666331886,0.0,0.7652215715315956,0.0,0.0,0.3990141582152403,-0.8626638454830287,0.0,-0.6816761927705127,1.1510864433221337,0.0,0.7242859683401482,-0.9682458365518541,0.0,0.0,-0.7242859683401487,-0.3864121799038685,0.0,-0.5654846967774623,0.0,-0.45927932677184596,0.09366635962328651,-0.07139943474719242,0.38490017945975047,-0.3272179888543543,0.0,0.0,0.0,0.38280232935448855,-0.32446013565517157,0.0,0.0,0.0,0.0,0.0,0.3931657095608902,0.8269362305593853,0.0,0.0,-0.1276532826328588
-0.7707949199822127,-0.9296788395687225,0.0,0.7453993540317941,-0.8260035532713526,0.0,0.8438196242002223,0.0,0.0,0.6717931354644928,0.0,0.24518210943727048,0.0,0.0,0.0,-0.7824207680931153,-1.0115126765082292,0.9337990556476822,-1.8430637760755386,-2.428495658666149,0.0,0.0,-1.5511082416060151,-1.8173565600355446,1.4409522620734374,1.0108111250054495,0.0,0.6751906048969997,1.4491376746189433,0.0,0.3432032364918217,0.1472087935345753,0.3331377346555754,0.0,0.0,0.31701571148108926,0.9387980311531723,0.0,0.7652215715315956,0.0,0.0,0.7673620685951664,-0.8626638454830287,0.0,-0.4284236326038621,-0.8687444855261387,0.0,-1.380670127148408,-0.9682458365518541,-1.8224786888818676,0.0,1.3806701271484076,0.46921478988326965,0.0,1.4572105647726916,0.0,-0.45927932677184596,-2.113113073101484,-1.3994289210449724,-1.1065880159467827,-1.1378871456677038,0.0,0.0,0.0,-0.789234432125921,1.8076154956961823,0.0,0.0,0.0,0.0,0.0,-1.3075045690048208,1.6538724611187705,0.0,0.0,-1.0136341969676745
-0.7569652233471621,1.0522153055290697,0.0,-0.5383439779118515,-0.6441333642135472,0.0,0.8438196242002223,0.0,0.0,0.6717931354644928,0.0,-0.9640114757419949,0.0,0.0,0.0,1.0519943100411633,0.7305369330337214,-0.5897678246195879,0.7152187787755855,0.6602638634338535,0.0,0.0,0.6400775781817224,0.6070268837823639,-0.7040427018774177,-0.9893045053244824,0.0,0.6751906048969997,-0.6900655593423545,0.0,0.3432032364918217,1.288076943427533,-1.1828261140579979,0.0,0.0,0.6193347876518102,-0.684662033055129,0.0,-0.5903137837529453,0.0,0.0,-0.7680287261568031,1.5832209866548619,0.0,1.2264940872970234,-0.8687444855261387,0.0,0.7242859683401482,1.0327955589886444,1.8224786888818676,0.0,-0.7242859683401487,1.3248417596704078,0.0,1.4572105647726916,0.0,1.1226827987756236,0.7324709322541412,-1.3994289210449724,0.38490017945975047,-0.15053368544631662,0.0,0.0,0.0,0.18746286910775362,0.3270074183688532,0.0,0.0,0.0,0.0,0.0,0.3931657095608902,-0.8269362305593853,0.0,0.0,0.8771787299663835
-0.7246959311987107,-0.9296788395687225,0.0,2.2266416601206163,-0.10670695554773248,0.0,-1.2213178771319007,0.0,0.0,-1.1304211414065988,0.0,-0.9640114757419949,0.0,0.0,0.0,-0.7824207680931153,0.7305369330337214,-0.5897678246195879,0.5063793865428406,0.41316310166585324,0.0,0.0,0.6400775781817224,0.6070268837823639,0.6365791505918668,-0.9893045053244824,0.0,0.6751906048969997,-0.6900655593423545,0.0,0.3432032364918217,1.288076943427533,-1.1828261140579979,0.0,0.0,2.1969830759040594,1.7100379666440517,0.0,-0.5903137837529453,0.0,0.0,1.5368809704779824,-0.8626638454830287,0.0,0.10064854754626949,-0.8687444855261387,0.0,0.7242859683401482,-0.9682458365518541,0.0,0.0,-0.7242859683401487,-0.3864121799038685,0.0,-0.5654846967774623,0.0,-0.45927932677184596,0.5001783603883758,-0.07139943474719242,0.38490017945975047,0.5925797082992538,0.0,0.0,0.0,0.38280232935448855,-0.3540722972017182,0.0,0.0,0.0,0.0,0.0,0.3931657095608902,0.0,0.0,0.0,0.2613139480507189
-0.5402999760647021,-0.9296788395687225,0.0,2.7203890954835566,0.8235590614829417,0.0,-1.2213178771319007,0.0,0.0,0.6717931354644928,0.0,0.9361498723968507,0.0,0.0,0.0,-0.7824207680931153,1.6015617378046967,-0.5897678246195879,0.8718483229501441,0.7838142443178535,0.0,0.0,0.6400775781817224,0.6070268837823639,1.9557510534216427,-0.9893045053244824,0.0,0.6751906048969997,-0.6900655593423545,0.0,0.3432032364918217,1.288076943427533,-1.1828261140579979,0.0,0.0,2.5983815131727477,2.3193175156818464,0.0,-0.5903137837529453,0.0,0.0,2.102167367595691,-0.8626638454830287,0.0,0.4893034666139017,-0.8687444855261387,0.0,0.7242859683401482,-0.9682458365518541,0.0,0.0,-0.7242859683401487,0.46921478988326965,0.0,1.4572105647726916,0.0,-0.45927932677184596,0.9066903611534651,-0.07139943474719242,1.8763883748662835,2.0943962872675743,0.0,0.0,0.0,-0.789234432125921,0.20855877218266688,0.0,0.0,0.0,0.0,0.0,-0.4571694297219653,-0.8269362305593853,0.0,0.0,1.5362620930691124
-0.4457970490585228,-0.9296788395687225,0.0,0.9428983281769704,-0.007587702511228582,0.0,0.8438196242002223,0.0,0.0,-1.7311592336969626,0.0,0.24518210943727048,0.0,0.0,0.0,-0.7824207680931153,-1.0115126765082292,0.9337990556476822,-1.5820145357846076,-2.1196197064561484,0.0,0.0,-0.820712968343436,-1.1246755760875706,0.7116539743301467,1.0108111250054495,0.0,-1.3503812097939998,1.4491376746189433,0.0,0.3432032364918217,-1.5640934313048611,1.5992482823774672,0.0,0.0,-1.405440873760497,0.06344070437102413,0.0,-0.5903137837529453,0.0,0.0,-0.06050897750625181,-0.8626638454830287,0.0,-0.9976150302061364,1.1510864433221337,0.0,-1.380670127148408,-0.9682458365518541,0.0,0.0,1.3806701271484076,-0.3864121799038685,0.0,-0.5654846967774623,0.0,-0.45927932677184596,-1.8227473582692775,-0.07139943474719242,-1.1065880159467827,-1.0027756195321456,0.0,0.0,0.0,1.39856752263751,1.5114938802307165,0.0,0.0,0.0,0.0,0.0,0.3931657095608902,0.8269362305593853,0.0,0.0,-1.1757038764191652
-0.42505250410594686,1.0522153055290697,0.0,-0.14334602962149903,-0.0389603101237,0.0,-1.2213178771319007,0.0,0.0,-1.1304211414065988,0.0,-0.9640114757419949,0.0,0.0,0.0,1.0519943100411633,-0.14048787173725394,-0.5897678246195879,0.45416953848465447,0.28961272078185313,0.0,0.0,0.6400775781817224,0.6070268837823639,-0.7040427018774177,1.0108111250054495,0.0,0.6751906048969997,-0.6900655593423545,0.0,-1.9366468344895675,-0.4232252814119035,0.7991562511119701,0.0,0.0,-1.3089020091009391,-0.889040615960212,0.0,-0.5903137837529453,0.0,0.0,-0.6403834106786108,1.2053645879804606,0.0,0.8955105433168463,1.1510864433221337,0.0,0.7242859683401482,1.0327955589886444,0.0,0.0,1.3806701271484076,0.46921478988326965,0.0,-0.5654846967774623,0.0,-0.45927932677184596,0.4421052174219345,-0.07139943474719242,0.38490017945975047,0.43148519636839583,0.0,0.0,0.0,-0.789234432125921,-0.028338520189705764,0.0,0.0,0.0,0.0,0.0,-0.4571694297219653,-0.8269362305593853,0.0,0.0,0.6934997599213607
-0.34207432429564305,1.0522153055290697,0.0,1.436645763539911,0.4584546569493975,0.0,0.8438196242002223,0.0,0.0,0.6717931354644928,0.0,0.9361498723968507,0.0,0.0,0.0,1.0519943100411633,0.7305369330337214,-0.5897678246195879,0.7152187787755855,0.6602638634338535,0.0,0.0,0.6400775781817224,0.6070268837823639,2.4276499454908307,-0.9893045053244824,0.0,0.6751906048969997,-0.6900655593423545,0.0,0.3432032364918217,-0.4232252814119035,1.2483307248048807,0.0,0.0,-1.1971201658109245,-0.10237588175951495,0.0,-0.5903137837529453,0.0,0.0,-0.18815429298444405,1.4904538468605477,0.0,1.5223733160065758,1.1510864433221337,0.0,0.7242859683401482,1.0327955589886444,0.0,0.0,-0.7242859683401487,1.3248417596704078,0.0,1.4572105647726916,0.0,1.1226827987756236,0.7324709322541412,-0.07139943474719242,1.8763883748662835,2.120379273062874,0.0,0.0,0.0,2.3361969318218376,0.7415776800205054,0.0,0.0,0.0,0.0,0.0,0.8183332792023179,0.0,0.0,0.0,2.2709779732492033
-0.3236347287822422,-0.4342053032942745,0.0,-0.7358429520570278,1.9506995581686901,0.0,0.8438196242002223,0.0,0.0,0.6717931354644928,0.0,-0.6185275942622048,0.0,0.0,0.0,-0.7824207680931153,-1.0115126765082292,0.9337990556476822,-2.5740016488901456,-1.5018678020361482,0.0,0.0,1.3704728514443014,1.2997078677303378,-0.7040427018774177,1.0108111250054495,0.0,-1.3503812097939998,1.4491376746189433,0.0,0.3432032364918217,-0.9936593563583823,-0.3686973804895974,0.0,0.0,0.26112478983608206,-0.11008828111442374,0.0,-0.5903137837529453,0.0,0.0,-0.22462438312107041,-0.8626638454830287,0.0,-1.1104503292902876,1.1510864433221337,0.0,-1.380670127148408,-0.9682458365518541,0.0,0.0,1.3806701271484076,-0.3864121799038685,0.0,1.4572105647726916,0.0,-0.45927932677184596,-0.6032113559740095,1.2566300515505877,-2.598076211353316,-2.4058568524783275,0.0,0.0,0.0,0.6172096816505704,-1.0943763358653826,0.0,0.0,0.0,0.0,0.0,0.3931657095608902,0.0,0.0,0.0,-1.5322571712124449
-0.31210998158636666,-0.9296788395687225,0.0,-0.044596542548910906,0.2520319923687885,0.0,-1.2213178771319007,0.0,0.0,0.6717931354644928,0.0,0.9361498723968507,0.0,0.0,0.0,-0.7824207680931153,0.7305369330337214,-0.5897678246195879,0.7674286268337718,0.6602638634338535,0.0,0.0,0.6400775781817224,0.6070268837823639,1.0977530678413006,-0.9893045053244824,0.0,0.6751906048969997,-0.6900655593423545,0.0,0.3432032364918217,-0.4232252814119035,-1.1772114331368364,0.0,0.0,2.3163864085093024,1.898991750839317,0.0,-0.5903137837529453,0.0,0.0,1.7411134752430901,-0.8626638454830287,0.0,0.24106580862876886,-0.8687444855261387,0.0,0.7242859683401482,-0.9682458365518541,0.0,0.0,-0.7242859683401487,0.46921478988326965,0.0,-0.5654846967774623,0.0,-0.45927932677184596,0.7905440752205826,-0.07139943474719242,0.38490017945975047,0.3587328361415568,0.0,0.0,0.0,-0.789234432125921,-1.0943763358653826,0.0,0.0,0.0,0.0,0.0,-1.3075045690048208,1.6538724611187705,0.0,0.0,0.758327631701957
-0.25909614448533924,1.0522153055290697,0.0,-0.6370934649844396,-0.5895723074962056,0.0,0.8438196242002223,0.0,0.0,0.6717931354644928,0.0,-0.9640114757419949,0.0,0.0,0.0,1.0519943100411633,0.7305369330337214,-0.5897678246195879,0.7674286268337718,0.6602638634338535,0.0,0.0,0.6400775781817224,0.6070268837823639,-0.7040427018774177,-0.9893045053244824,0.0,0.6751906048969997,-0.6900655593423545,0.0,0.3432032364918217,-0.4232252814119035,0.19277071162654083,0.0,0.0,-0.8211266929263306,-0.9815894082191174,0.0,-0.5903137837529453,0.0,0.0,-1.048848420208826,0.974578045077533,0.0,0.358916009894438,-0.8687444855261387,0.0,0.7242859683401482,1.0327955589886444,0.0,0.0,-0.7242859683401487,-0.3864121799038685,0.0,-0.5654846967774623,0.0,-0.45927932677184596,0.7905440752205826,-0.07139943474719242,0.38490017945975047,0.2963736702328376,0.0,0.0,0.0,-0.789234432125921,0.23817093372921347,0.0,0.0,0.0,0.0,0.0,1.2435008488437458,0.0,0.0,0.0,0.1511065660237052
-0.19916745906678648,1.0522153055290697,0.0,-0.14334602962149903,-0.7982683494400372,0.0,-1.2213178771319007,0.0,0.0,0.6717931354644928,0.0,-0.4457856535223097,0.0,0.0,0.0,1.0519943100411633,-0.14048787173725394,-0.5897678246195879,0.6630089307173993,0.5984886729918534,0.0,0.0,0.6400775781817224,0.6070268837823639,-0.7040427018774177,-0.9893045053244824,0.0,0.6751906048969997,-0.6900655593423545,0.0,0.3432032364918217,-0.4232252814119035,0.10012847642737803,0.0,0.0,-0.7042638567594973,-0.9314588124122103,0.0,-0.5903137837529453,0.0,0.0,-0.9139090867033085,0.7256905968488855,0.0,0.175872080269037,1.1510864433221337,0.0,0.7242859683401482,1.0327955589886444,0.0,0.0,-0.7242859683401487,0.46921478988326965,0.0,1.4572105647726916,0.0,-0.45927932677184596,0.6743977892876999,-1.3994289210449724,0.38490017945975047,-0.36359416896777386,0.0,0.0,0.0,0.18746286910775362,1.1265357801256108,0.0,0.0,0.0,0.0,0.0,-0.03200186008053754,-1.6538724611187705,0.0,0.0,0.09276148142116855
-0.18533776243173586,-0.9296788395687225,0.0,0.05415294452367723,-1.1606447011377143,0.0,0.8438196242002223,0.0,0.0,0.6717931354644928,0.0,1.4543756946165358,0.0,0.0,0.0,-0.7824207680931153,-1.0115126765082292,0.9337990556476822,-0.6422372707372559,-1.0076662785001478,0.0,0.0,-0.45551533171214637,-0.4319945921395968,0.9368784455449864,1.0108111250054495,0.0,-1.3503812097939998,1.4491376746189433,0.0,0.3432032364918217,-0.9936593563583823,0.3892845438671892,0.0,0.0,-0.46545719154901183,-0.1717874759536941,0.0,2.120756926816137,0.0,0.0,-0.2829765273396726,-0.8626638454830287,0.0,-1.1505695467424304,-0.8687444855261387,0.0,-1.380670127148408,-0.9682458365518541,0.0,0.0,1.3806701271484076,-0.3864121799038685,0.0,-0.5654846967774623,0.0,2.7046449243230932,-0.2547724981753615,1.2566300515505877,0.38490017945975047,0.10929617250668001,0.0,0.0,0.0,1.0860243862427343,-1.0943763358653826,0.0,0.0,0.0,0.0,0.0,0.3931657095608902,0.8269362305593853,0.0,0.0,-0.9488063251870783
-0.10696948149978226,-0.9296788395687225,0.0,0.15290243159626535,0.17746521485508832,0.0,-1.2213178771319007,0.0,0.0,0.6717931354644928,0.0,0.24518210943727048,0.0,0.0,0.0,-0.7824207680931153,-1.0115126765082292,2.4573659359149524,-1.5820145357846076,0.7838142443178535,0.0,0.0,-1.5511082416060151,-1.8173565600355446,-0.12489406161068684,-0.9893045053244824,0.0,-1.3503812097939998,1.4491376746189433,0.0,0.3432032364918217,-1.5640934313048611,1.0798902971700393,0.0,0.0,-0.9049630753938414,0.10971510050047689,0.0,-0.5903137837529453,0.0,0.0,-0.016744869342300184,-0.8626638454830287,0.0,-0.9675256171170293,1.1510864433221337,0.0,-1.380670127148408,1.0327955589886444,0.0,0.0,-0.7242859683401487,-1.2420391496910066,0.0,-0.5654846967774623,0.0,-0.45927932677184596,-1.8227473582692775,-0.07139943474719242,-1.1065880159467827,-0.7845185388516285,0.0,0.0,0.0,-0.789234432125921,-1.0943763358653826,0.0,0.0,0.0,0.0,0.0,0.8183332792023179,0.0,0.0,0.0,-0.7219087739549913
-0.07470018935133078,1.0522153055290697,0.0,-0.6370934649844396,-0.44725888455847296,0.0,0.8438196242002223,0.0,0.0,-0.5296830491162349,0.0,-0.9640114757419949,0.0,0.0,0.0,1.0519943100411633,-0.14048787173725394,-0.5897678246195879,0.819638474891958,0.7220390538758534,0.0,0.0,0.6400775781817224,0.6070268837823639,-0.7040427018774177,-0.9893045053244824,0.0,0.6751906048969997,-0.6900655593423545,0.0,0.3432032364918217,-0.4232252814119035,-0.6410094051659244,0.0,0.0,-0.14789513674783444,-1.104987797897658,0.0,-0.5903137837529453,0.0,0.0,-1.1655527086460304,0.8071446708146246,0.0,0.09312619427399274,1.1510864433221337,0.0,0.7242859683401482,1.0327955589886444,0.0,0.0,-0.7242859683401487,0.46921478988326965,0.0,-0.5654846967774623,0.0,-0.45927932677184596,0.8486172181870238,-1.3994289210449724,0.38490017945975047,0.40030561341403625,0.0,0.0,0.0,0.18746286910775362,-0.05795068173625235,0.0,0.0,0.0,0.0,0.0,-1.7326721386462485,0.8269362305593853,0.0,0.0,-0.11684863733609274
-0.0424308972028793,1.0522153055290697,0.0,-1.2295903874199685,3.252435436349932,0.0,-0.532938710021193,0.0,0.0,-1.1304211414065988,0.0,0.7634079316569556,0.0,0.0,0.0,1.0519943100411633,0.7305369330337214,-0.5897678246195879,0.45416953848465447,0.28961272078185313,0.0,0.0,0.6400775781817224,0.6070268837823639,-0.3822934572847895,-0.9893045053244824,0.0,0.6751906048969997,-0.6900655593423545,0.0,0.3432032364918217,1.288076943427533,-1.1828261140579979,0.0,0.0,1.5034275482182882,0.6572954546990013,0.0,0.7652215715315956,0.0,0.0,0.5011304105977941,0.5944590332374168,0.0,1.0033309402194799,-0.8687444855261387,0.0,0.7242859683401482,1.0327955589886444,1.8224786888818676,0.0,1.3806701271484076,0.46921478988326965,0.0,-0.5654846967774623,0.0,-0.45927932677184596,0.4421052174219345,-1.3994289210449724,0.38490017945975047,0.11968936682479989,0.0,0.0,0.0,-0.789234432125921,1.3042087494048904,0.0,0.0,0.0,0.0,0.0,-0.03200186008053754,1.6538724611187705,0.0,0.0,0.9095926658566816
0.08434132195175152,1.0522153055290697,0.0,-0.5383439779118515,-0.1380795631602039,0.0,-1.2213178771319007,0.0,0.0,0.6717931354644928,0.0,-0.9640114757419949,0.0,0.0,0.0,1.0519943100411633,0.7305369330337214,-0.5897678246195879,0.7674286268337718,0.6602638634338535,0.0,0.0,0.6400775781817224,0.6070268837823639,-0.7040427018774177,-0.9893045053244824,0.0,0.6751906048969997,-0.6900655593423545,0.0,0.3432032364918217,1.288076943427533,-1.1828261140579979,0.0,0.0,0.6625232271047703,-0.6191066385384042,0.0,-0.5903137837529453,0.0,0.0,-0.7060295729245383,1.0922339296947117,0.0,0.72500386914524,-0.8687444855261387,0.0,0.7242859683401482,1.0327955589886444,0.0,0.0,-0.7242859683401487,0.46921478988326965,0.0,-0.5654846967774623,0.0,-0.45927932677184596,0.7905440752205826,-0.07139943474719242,0.38490017945975047,0.5665967225039541,0.0,0.0,0.0,1.0371895211810505,0.5639047107412258,0.0,0.0,0.0,0.0,0.0,-0.882336999363393,0.8269362305593853,0.0,0.0,0.23970465745718678
0.09125617026927685,-0.9296788395687225,0.0,-0.5383439779118515,-0.5304644960524189,0.0,0.8438196242002223,0.0,0.0,0.6717931354644928,0.0,1.627117635356431,0.0,0.0,0.0,-0.7824207680931153,0.7305369330337214,-0.5897678246195879,0.5585892346010269,0.47493829210785327,0.0,0.0,0.6400775781817224,0.6070268837823639,0.454254578656044,1.0108111250054495,0.0,0.6751906048969997,-0.6900655593423545,0.0,0.3432032364918217,1.288076943427533,-1.1828261140579979,0.0,0.0,1.8946639997333385,1.2511502050269785,0.0,-0.5903137837529453,0.0,0.0,1.0627697987018399,-0.8626638454830287,0.0,-0.22532009425238977,-0.8687444855261387,0.0,0.7242859683401482,-0.9682458365518541,0.0,0.0,1.3806701271484076,-0.3864121799038685,0.0,-0.5654846967774623,0.0,-0.45927932677184596,0.5582515033548172,1.2566300515505877,0.38490017945975047,0.3951090162549763,0.0,0.0,0.0,0.38280232935448855,0.5342925491946793,0.0,0.0,0.0,0.0,0.0,2.5190035577680288,-0.8269362305593853,0.0,0.0,0.002002460928333764
0.18345414783628108,-0.9296788395687225,0.0,-0.3408450037666753,3.031917832117343,0.0,-0.532938710021193,0.0,0.0,0.6717931354644928,0.0,-0.9640114757419949,0.0,0.0,0.0,-0.7824207680931153,0.7305369330337214,-0.5897678246195879,0.6107990826592131,0.5367134825498533,0.0,0.0,0.6400775781817224,0.6070268837823639,-0.7040427018774177,-0.9893045053244824,0.0,0.6751906048969997,-0.6900655593423545,0.0,0.3432032364918217,1.288076943427533,-1.1828261140579979,0.0,0.0,2.0572557717915414,1.4979469843840598,0.0,-0.5903137837529453,0.0,0.0,1.3581775288085134,-0.8626638454830287,0.0,-0.022216555900917468,-0.8687444855261387,0.0,0.7242859683401482,-0.9682458365518541,0.0,0.0,-0.7242859683401487,-0.3864121799038685,0.0,-0.5654846967774623,0.0,-0.45927932677184596,0.6163246463212585,-0.07139943474719242,0.38490017945975047,0.7380844287529319,0.0,0.0,0.0,-0.789234432125921,-0.11717500482934551,0.0,0.0,0.0,0.0,0.0,-0.03200186008053754,0.8269362305593853,0.0,0.0,0.1770377147359437
0.1949788950321566,1.0522153055290697,0.0,0.5479003798866179,0.2388464036620976,0.0,-1.2213178771319007,0.0,0.0,0.6717931354644928,0.0,1.627117635356431,0.0,0.0,0.0,1.0519943100411633,0.7305369330337214,-0.5897678246195879,0.7674286268337718,0.6602638634338535,0.0,0.0,0.6400775781817224,0.6070268837823639,-0.7040427018774177,-0.9893045053244824,0.0,0.6751906048969997,-0.6900655593423545,0.0,0.3432032364918217,-0.4232252814119035,0.6587892280829356,0.0,0.0,-0.7703167641581422,-0.26433626821259965,0.0,-0.5903137837529453,0.0,0.0,-0.37050474366757585,1.6895638054434658,0.0,1.6176564574554146,1.1510864433221337,0.0,0.7242859683401482,1.0327955589886444,1.8224786888818676,0.0,-0.7242859683401487,1.3248417596704078,0.0,-0.5654846967774623,0.0,1.1226827987756236,0.7905440752205826,-0.07139943474719242,0.38490017945975047,0.805640191820711,0.0,0.0,0.0,-0.789234432125921,0.23817093372921347,0.0,0.0,0.0,0.0,0.0,-2.157839708287676,1.6538724611187705,0.0,0.0,1.1689041529790667
0.2710422265249351,1.0522153055290697,0.0,0.15290243159626535,-1.0869872745693032,0.0,-1.2213178771319007,0.0,0.0,-1.1304211414065988,0.0,-0.9640114757419949,0.0,0.0,0.0,1.0519943100411633,0.7305369330337214,-0.5897678246195879,0.7152187787755855,0.5984886729918534,0.0,0.0,0.6400775781817224,0.6070268837823639,-0.7040427018774177,-0.9893045053244824,0.0,0.6751906048969997,-0.6900655593423545,0.0,0.3432032364918217,1.288076943427533,-1.1828261140579979,0.0,0.0,0.49485046216974865,-0.8736158172503944,0.0,-0.5903137837529453,0.0,0.0,-0.9467321678262722,1.0424564400489822,0.0,0.5043481731584553,-0.8687444855261387,0.0,0.7242859683401482,1.0327955589886444,0.0,0.0,-0.7242859683401487,-0.3864121799038685,0.0,-0.5654846967774623,0.0,-0.45927932677184596,0.7324709322541412,-0.07139943474719242,0.38490017945975047,0.6861184571623326,0.0,0.0,0.0,-0.789234432125921,0.23817093372921347,0.0,0.0,0.0,0.0,0.0,-0.03200186008053754,0.0,0.0,0.0,0.08843962330246213
0.2779570748424604,0.5567417692546216,0.0,-1.0320914132747923,0.1288149392821254,0.0,0.8438196242002223,0.0,0.0,0.6717931354644928,0.0,1.281633753876641,0.0,0.0,0.0,-2.0053641535159676,-0.14048787173725394,2.4573659359149524,-2.5740016488901456,-2.675596420434149,0.0,0.0,0.6400775781817224,0.6070268837823639,-0.7040427018774177,1.0108111250054495,0.0,-3.3759530244849993,1.4491376746189433,0.0,0.3432032364918217,1.288076943427533,-1.1828261140579979,0.0,0.0,0.44404053340156024,-0.9507398107994823,0.0,2.120756926816137,0.0,0.0,-0.41426885183152745,0.370460329831634,0.0,0.12572305845385867,-0.8687444855261387,0.0,0.7242859683401482,-0.9682458365518541,0.0,0.0,1.3806701271484076,0.46921478988326965,0.0,1.4572105647726916,0.0,2.7046449243230932,-2.926137074631663,1.2566300515505877,-1.1065880159467827,-1.1586735343039436,0.0,0.0,0.0,2.482701527006889,-1.0943763358653826,0.0,0.0,0.0,0.0,0.0,0.3931657095608902,0.8269362305593853,0.0,0.0,-0.8515645175161839
0.30331151867338657,-0.9296788395687225,0.0,0.44915089281402976,-0.7919028928230141,0.0,0.8438196242002223,0.0,0.0,0.6717931354644928,0.0,0.24518210943727048,0.0,0.0,0.0,-0.7824207680931153,-1.0115126765082292,0.9337990556476822,-1.4775948396682352,-1.9960693255721484,0.0,0.0,0.6400775781817224,0.6070268837823639,0.7545538736091637,1.0108111250054495,0.0,-1.3503812097939998,1.4491376746189433,0.0,0.3432032364918217,0.7176428684810541,0.42297262939415753,0.0,0.0,-0.07930173291078013,0.460629271148827,0.0,0.7652215715315956,0.0,0.0,0.31513295090099963,-0.8626638454830287,0.0,-0.7393475678579678,1.1510864433221337,0.0,-1.380670127148408,-0.9682458365518541,0.0,0.0,1.3806701271484076,-0.3864121799038685,0.0,-0.5654846967774623,0.0,-0.45927932677184596,-1.706601072336395,1.2566300515505877,0.38490017945975047,-0.0362085479469981,0.0,0.0,0.0,-0.789234432125921,-1.0943763358653826,0.0,0.0,0.0,0.0,0.0,1.2435008488437458,0.0,0.0,0.0,-0.8418403367490944
0.312531316430087,-0.9296788395687225,0.0,0.44915089281402976,-0.04168836295956708,0.0,0.8438196242002223,0.0,0.0,0.6717931354644928,0.0,-0.9640114757419949,0.0,0.0,0.0,-0.7824207680931153,-1.0115126765082292,0.9337990556476822,0.29753999431009587,0.7838142443178535,0.0,0.0,0.6400775781817224,0.6070268837823639,-0.7040427018774177,1.0108111250054495,0.0,0.6751906048969997,-0.6900655593423545,0.0,0.3432032364918217,1.288076943427533,-1.1828261140579979,0.0,0.0,1.2595398901309838,0.28710028566337914,0.0,-0.5903137837529453,0.0,0.0,0.15101754528618105,-0.8626638454830287,0.0,-0.8521828669421192,-0.8687444855261387,0.0,-1.380670127148408,1.0327955589886444,0.0,0.0,-0.7242859683401487,-0.3864121799038685,0.0,-0.5654846967774623,0.0,-0.45927932677184596,0.5001783603883758,1.2566300515505877,-1.1065880159467827,-0.5766546524892311,0.0,0.0,0.0,1.9259840653036944,-1.0943763358653826,0.0,0.0,0.0,0.0,0.0,-0.03200186008053754,0.0,0.0,0.0,-0.7543227098452895
0.3148362658692621,0.5567417692546216,0.0,-0.044596542548910906,0.9776940467094317,0.0,0.8438196242002223,0.0,0.0,0.6717931354644928,0.0,-0.6185275942622048,0.0,0.0,0.0,-2.0053641535159676,-1.0115126765082292,0.9337990556476822,-2.2607425605410283,0.10428714945585302,0.0,0.0,-0.820712968343436,-1.1246755760875706,-0.7040427018774177,1.0108111250054495,0.0,-1.3503812097939998,1.4491376746189433,0.0,0.3432032364918217,-0.9936593563583823,-0.19464227193359454,0.0,0.0,-0.4756191773026495,-0.9893018075740263,0.0,-0.5903137837529453,0.0,0.0,-1.0561424382361513,0.11478504210584158,0.0,-0.5989303067754685,-0.8687444855261387,0.0,-1.380670127148408,-0.9682458365518541,0.0,0.0,1.3806701271484076,-0.3864121799038685,0.0,-0.5654846967774623,0.0,2.7046449243230932,-2.577698216833015,1.2566300515505877,-1.1065880159467827,-1.1586735343039436,0.0,0.0,0.0,-0.789234432125921,-1.0943763358653826,0.0,0.0,0.0,0.0,0.0,-0.4571694297219653,0.0,0.0,0.0,-1.0460481328579727
0.37476495128781484,-0.9296788395687225,0.0,-0.14334602962149903,-0.39406185425906487,0.0,-1.2213178771319007,0.0,0.0,0.6717931354644928,0.0,0.24518210943727048,0.0,0.0,0.0,-0.7824207680931153,-1.0115126765082292,0.9337990556476822,-1.0077062071445593,-1.4400926115941481,0.0,0.0,-0.820712968343436,-1.1246755760875706,0.11105538442390722,1.0108111250054495,0.0,-1.3503812097939998,1.4491376746189433,0.0,0.3432032364918217,-0.9936593563583823,1.1416517873028145,0.0,0.0,-1.090419315397729,-0.08695108304969737,0.0,2.120756926816137,0.0,0.0,-0.2027423290390946,-0.8626638454830287,0.0,-1.095405622745734,1.1510864433221337,0.0,-1.380670127148408,-0.9682458365518541,0.0,0.0,1.3806701271484076,-1.2420391496910066,0.0,-0.5654846967774623,0.0,2.7046449243230932,-1.0097233567390989,1.2566300515505877,0.38490017945975047,2.281473784993732,0.0,0.0,0.0,-0.789234432125921,-1.0943763358653826,0.0,0.0,0.0,0.0,0.0,0.8183332792023179,0.8269362305593853,0.0,0.0,-0.6570809021743951
0.3885946479228655,1.0522153055290697,0.0,-0.044596542548910906,-0.39406185425906487,0.0,0.8438196242002223,0.0,0.0,0.6717931354644928,0.0,-0.9640114757419949,0.0,0.0,0.0,1.0519943100411633,-0.14048787173725394,-0.5897678246195879,0.45416953848465447,0.28961272078185313,0.0,0.0,0.6400775781817224,0.6070268837823639,0.5400543772140782,1.0108111250054495,0.0,0.6751906048969997,-0.6900655593423545,0.0,0.3432032364918217,-0.4232252814119035,0.2348808185352512,0.0,0.0,-0.7728572605965516,-0.850478619185668,0.0,-0.5903137837529453,0.0,0.0,-0.9248501137442964,1.1239105140147214,0.0,0.6096611189703297,-0.8687444855261387,0.0,0.7242859683401482,1.0327955589886444,0.0,0.0,-0.7242859683401487,0.46921478988326965,0.0,-0.5654846967774623,0.0,-0.45927932677184596,0.4421052174219345,-0.07139943474719242,0.38490017945975047,0.3119634617100174,0.0,0.0,0.0,-0.789234432125921,1.1857601032187042,0.0,0.0,0.0,0.0,0.0,-0.03200186008053754,1.6538724611187705,0.0,0.0,0.46660220868927377
0.41855899063214186,-0.9296788395687225,0.0,-0.5383439779118515,-1.1215426104902861,0.0,0.8438196242002223,0.0,0.0,0.6717931354644928,0.0,0.24518210943727048,0.0,0.0,0.0,-0.7824207680931153,-1.0115126765082292,-0.5897678246195879,-1.164335751319118,-1.6254181829201482,0.0,0.0,-1.5511082416060151,-1.8173565600355446,-0.06054421269216119,1.0108111250054495,0.0,-1.3503812097939998,1.4491376746189433,0.0,0.3432032364918217,-0.9936593563583823,0.029944964912860757,0.0,0.0,-0.36383733401263507,-0.511133047569681,0.0,2.120756926816137,0.0,0.0,-0.6039133205419845,-0.8626638454830287,0.0,-1.371225242729215,-0.8687444855261387,0.0,-1.380670127148408,-0.9682458365518541,0.0,0.0,1.3806701271484076,-1.2420391496910066,0.0,-0.5654846967774623,0.0,-0.45927932677184596,-1.3581622145377468,-0.07139943474719242,-1.1065880159467827,-0.9092368706690668,0.0,0.0,0.0,-0.789234432125921,-1.0943763358653826,0.0,0.0,0.0,0.0,0.0,0.3931657095608902,0.8269362305593853,0.0,0.0,-1.7051314959607016
0.45543818165894356,-0.9296788395687225,0.0,-0.14334602962149903,-1.0351542706878287,0.0,-1.2213178771319007,0.0,0.0,0.6717931354644928,0.0,0.24518210943727048,0.0,0.0,0.0,-0.7824207680931153,-1.8825374812792044,0.9337990556476822,-0.9554963590863731,-1.378317421152148,0.0,0.0,-1.5511082416060151,-1.8173565600355446,-0.7040427018774177,1.0108111250054495,0.0,-1.3503812097939998,1.4491376746189433,0.0,0.3432032364918217,-1.5640934313048611,-0.27886248575101524,0.0,0.0,-0.17075960469351922,-0.6422438366031306,0.0,2.120756926816137,0.0,0.0,-0.7279116270065141,-0.8626638454830287,0.0,-1.4564785798150184,-0.8687444855261387,0.0,-1.380670127148408,-0.9682458365518541,-1.8224786888818676,0.0,1.3806701271484076,-2.097666119478145,0.0,-0.5654846967774623,0.0,2.7046449243230932,-0.6612844989404508,1.2566300515505877,-1.1065880159467827,1.1486156043186666,0.0,0.0,0.0,-0.789234432125921,-1.0943763358653826,0.0,0.0,0.0,0.0,0.0,-0.03200186008053754,-0.8269362305593853,0.0,0.0,-1.4890385900253806
0.4600480805372938,1.0522153055290697,0.0,-0.7358429520570278,-0.7919028928230141,0.0,0.8438196242002223,0.0,0.0,0.6717931354644928,0.0,-0.4457856535223097,0.0,0.0,0.0,1.0519943100411633,0.7305369330337214,-0.5897678246195879,0.7152187787755855,0.5984886729918534,0.0,0.0,0.6400775781817224,0.6070268837823639,-0.7040427018774177,-0.9893045053244824,0.0,0.6751906048969997,-0.6900655593423545,0.0,0.3432032364918217,1.288076943427533,-1.1828261140579979,0.0,0.0,0.45674301559360736,-0.9314588124122103,0.0,-0.5903137837529453,0.0,0.0,-0.9139090867033085,0.7256905968488855,0.0,0.175872080269037,-0.8687444855261387,0.0,0.7242859683401482,1.0327955589886444,0.0,0.0,-0.7242859683401487,1.3248417596704078,0.0,1.4572105647726916,0.0,-0.45927932677184596,0.7324709322541412,-1.3994289210449724,0.38490017945975047,-0.36359416896777386,0.0,0.0,0.0,-0.789234432125921,1.1265357801256108,0.0,0.0,0.0,0.0,0.0,0.3931657095608902,-1.6538724611187705,0.0,0.0,0.023611751521865856
0.46465797941564396,-0.9296788395687225,0.0,-0.14334602962149903,-1.5657605472639757,0.0,-1.2213178771319007,0.0,0.0,0.6717931354644928,0.0,1.4543756946165358,0.0,0.0,0.0,-0.7824207680931153,-1.0115126765082292,0.9337990556476822,-1.164335751319118,-1.6254181829201482,0.0,0.0,-1.5511082416060151,0.9533673757563509,0.10033040960415295,1.0108111250054495,0.0,-1.3503812097939998,1.4491376746189433,0.0,0.3432032364918217,-0.4232252814119035,0.4987708218298362,0.0,0.0,-0.8287481822415588,-0.5728322424089514,0.0,2.120756926816137,0.0,0.0,-0.5674432304053582,-0.8626638454830287,0.0,-1.346150731821626,-0.8687444855261387,0.0,-1.380670127148408,-0.9682458365518541,0.0,0.0,1.3806701271484076,-0.3864121799038685,0.0,-0.5654846967774623,0.0,-0.45927932677184596,-1.3581622145377468,1.2566300515505877,-1.1065880159467827,-0.9092368706690668,0.0,0.0,0.0,-0.789234432125921,-1.0943763358653826,0.0,0.0,0.0,0.0,0.0,0.8183332792023179,-0.8269362305593853,0.0,0.0,-1.1540945858256333
0.5384163614692474,-0.9296788395687225,0.0,-0.3408450037666753,0.21202055077607135,0.0,0.8438196242002223,0.0,0.0,0.6717931354644928,0.0,1.627117635356431,0.0,0.0,0.0,-0.7824207680931153,0.7305369330337214,-0.5897678246195879,0.7152187787755855,0.5984886729918534,0.0,0.0,0.6400775781817224,0.6070268837823639,-0.7040427018774177,-0.9893045053244824,0.0,0.6751906048969997,-0.6900655593423545,0.0,0.3432032364918217,-0.4232252814119035,1.1556884896057178,0.0,0.0,-0.6610754173065372,0.5840276608273677,0.0,-0.5903137837529453,0.0,0.0,0.5193654556661073,-0.8626638454830287,0.0,-0.5989303067754685,1.1510864433221337,0.0,0.7242859683401482,-0.9682458365518541,-1.8224786888818676,0.0,-0.7242859683401487,-1.2420391496910066,0.0,-0.5654846967774623,0.0,-0.45927932677184596,0.7324709322541412,-0.07139943474719242,0.38490017945975047,0.4782545707999353,0.0,0.0,0.0,-0.789234432125921,0.11972228754302715,0.0,0.0,0.0,0.0,0.0,0.8183332792023179,0.8269362305593853,0.0,0.0,0.12949727543017311
0.5407213109084225,1.0522153055290697,0.0,0.44915089281402976,0.026512957937109914,0.0,0.8438196242002223,0.0,0.0,0.6717931354644928,0.0,1.799859576096326,0.0,0.0,0.0,1.0519943100411633,0.7305369330337214,-0.5897678246195879,0.819638474891958,0.7220390538758534,0.0,0.0,0.6400775781817224,0.6070268837823639,-0.7040427018774177,-0.9893045053244824,0.0,0.6751906048969997,-0.6900655593423545,0.0,-1.9366468344895675,-0.4232252814119035,-0.22552301699998212,0.0,0.0,0.4287975547711037,0.3410870811477407,0.0,-0.5903137837529453,0.0,0.0,0.20207567147745795,1.0786582507004219,0.0,1.3343144841996568,-0.8687444855261387,0.0,0.7242859683401482,1.0327955589886444,0.0,0.0,-0.7242859683401487,1.3248417596704078,0.0,1.4572105647726916,0.0,-0.45927932677184596,0.8486172181870238,-0.07139943474719242,0.38490017945975047,1.1745985901139662,0.0,0.0,0.0,-0.789234432125921,0.3270074183688532,0.0,0.0,0.0,0.0,0.0,-1.7326721386462485,0.8269362305593853,0.0,0.0,1.6010899648497086
0.5891252491310996,-0.9296788395687225,0.0,-0.5383439779118515,-0.5304644960524189,0.0,0.8438196242002223,0.0,0.0,0.6717931354644928,0.0,-0.9640114757419949,0.0,0.0,0.0,-0.7824207680931153,0.7305369330337214,-0.5897678246195879,0.7152187787755855,0.5984886729918534,0.0,0.0,0.6400775781817224,0.6070268837823639,-0.7040427018774177,-0.9893045053244824,0.0,0.6751906048969997,-0.6900655593423545,0.0,-1.9366468344895675,-0.4232252814119035,0.7795048678879053,0.0,0.0,0.08837103202424154,1.2048758088975258,0.0,-0.5903137837529453,0.0,0.0,1.0190056905378884,-0.8626638454830287,0.0,-0.2554095073414968,1.1510864433221337,0.0,0.7242859683401482,-0.9682458365518541,0.0,0.0,-0.7242859683401487,-0.3864121799038685,0.0,-0.5654846967774623,0.0,-0.45927932677184596,0.7324709322541412,-0.07139943474719242,0.38490017945975047,0.35353623898249686,0.0,0.0,0.0,-0.789234432125921,0.06049796444993398,0.0,0.0,0.0,0.0,0.0,1.6686684184851734,-0.8269362305593853,0.0,0.0,0.1316582044895263
0.6029549457661504,1.0522153055290697,0.0,0.9428983281769704,0.7726354085467563,0.0,0.8438196242002223,0.0,0.0,-1.7311592336969626,0.0,2.145343457576116,0.0,0.0,0.0,1.0519943100411633,0.7305369330337214,-0.5897678246195879,0.6630089307173993,0.5984886729918534,0.0,0.0,0.6400775781817224,0.6070268837823639,-0.2321438098082296,-0.9893045053244824,0.0,0.6751906048969997,-0.6900655593423545,0.0,0.3432032364918217,-0.4232252814119035,0.5689543333443534,0.0,0.0,-1.04214988306795,-0.8003480233787609,0.0,-0.5903137837529453,0.0,0.0,-0.8519099334710437,1.5583322418319971,0.0,1.1412407502112203,1.1510864433221337,0.0,0.7242859683401482,1.0327955589886444,1.8224786888818676,0.0,-0.7242859683401487,1.3248417596704078,0.0,1.4572105647726916,0.0,1.1226827987756236,0.6743977892876999,-1.3994289210449724,0.38490017945975047,0.24440769864223827,0.0,0.0,0.0,-0.789234432125921,0.09011012599648056,0.0,0.0,0.0,0.0,0.0,-1.7326721386462485,1.6538724611187705,0.0,0.0,0.7777759932361359
0.6467489851104774,1.0522153055290697,0.0,-0.14334602962149903,0.7426268273522183,0.0,0.8438196242002223,0.0,0.0,-1.7311592336969626,0.0,-0.9640114757419949,0.0,0.0,0.0,1.0519943100411633,1.6015617378046967,-0.5897678246195879,0.6630089307173993,0.5367134825498533,0.0,0.0,-1.9163058782373048,-2.1636970520095313,-0.7040427018774177,-0.9893045053244824,0.0,0.6751906048969997,-0.6900655593423545,0.0,-1.9366468344895675,1.288076943427533,-1.1828261140579979,0.0,0.0,1.333214286844857,0.3989300763095567,0.0,-0.5903137837529453,0.0,0.0,0.3333679959693128,1.7189777765977605,0.0,2.1341913821517515,-0.8687444855261387,0.0,0.7242859683401482,1.0327955589886444,1.8224786888818676,0.0,-0.7242859683401487,2.180468729457546,0.0,1.4572105647726916,0.0,-0.45927932677184596,0.6743977892876999,1.2566300515505877,0.38490017945975047,1.6422923344293603,0.0,0.0,0.0,-0.789234432125921,-1.0943763358653826,0.0,0.0,0.0,0.0,0.0,-0.4571694297219653,0.0,0.0,0.0,1.6637569075709517
0.7205073671640807,1.0522153055290697,0.0,-0.044596542548910906,-0.5531982696846446,0.0,0.8438196242002223,0.0,0.0,0.6717931354644928,0.0,0.5906659909170606,0.0,0.0,0.0,1.0519943100411633,1.6015617378046967,0.9337990556476822,0.6107990826592131,0.47493829210785327,0.0,0.0,0.6400775781817224,0.6070268837823639,-0.7040427018774177,-0.9893045053244824,0.0,0.6751906048969997,-0.6900655593423545,0.0,0.3432032364918217,-0.4232252814119035,0.6222938020953865,0.0,0.0,-1.108202790466595,-0.8273414211209416,0.0,-0.5903137837529453,0.0,0.0,-0.9029680596623206,1.0718704112032769,0.0,0.5670344504274282,1.1510864433221337,0.0,0.7242859683401482,1.0327955589886444,0.0,0.0,-0.7242859683401487,-0.3864121799038685,0.0,-0.5654846967774623,0.0,-0.45927932677184596,0.6163246463212585,-1.3994289210449724,0.38490017945975047,0.33794644750531705,0.0,0.0,0.0,-0.789234432125921,0.23817093372921347,0.0,0.0,0.0,0.0,0.0,2.0938359881266013,0.8269362305593853,0.0,0.0,1.0392484094178742
0.7320321143599563,-0.9296788395687225,0.0,-1.0320914132747923,-1.1788317200434948,0.0,0.8438196242002223,0.0,0.0,0.6717931354644928,0.0,-0.6185275942622048,0.0,0.0,0.0,-0.7824207680931153,-1.8825374812792044,-0.5897678246195879,0.819638474891958,0.7220390538758534,0.0,0.0,0.6400775781817224,0.6070268837823639,-0.7040427018774177,1.0108111250054495,0.0,0.6751906048969997,-0.6900655593423545,0.0,0.3432032364918217,-0.4232252814119035,1.6918905175766301,0.0,0.0,-1.2580920803327507,0.41435487501937424,0.0,-0.5903137837529453,0.0,0.0,0.27136884273704803,-0.8626638454830287,0.0,-0.7694369809470749,1.1510864433221337,0.0,-1.380670127148408,1.0327955589886444,-1.8224786888818676,0.0,-0.7242859683401487,-1.2420391496910066,0.0,-0.5654846967774623,0.0,-0.45927932677184596,0.8486172181870238,-1.3994289210449724,0.38490017945975047,-0.062191533742297765,0.0,0.0,0.0,1.672042766982939,0.8008020031135985,0.0,0.0,0.0,0.0,0.0,-0.03200186008053754,0.0,0.0,0.0,-0.06282541085226251
0.7619964570692327,-0.9296788395687225,0.0,-0.14334602962149903,-0.6782340246618856,0.0,0.8438196242002223,0.0,0.0,0.6717931354644928,0.0,-0.9640114757419949,0.0,0.0,0.0,-0.7824207680931153,0.7305369330337214,-0.5897678246195879,0.6630089307173993,0.5367134825498533,0.0,0.0,0.6400775781817224,0.6070268837823639,2.4598248699500935,-0.9893045053244824,0.0,0.6751906048969997,-0.6900655593423545,0.0,0.3432032364918217,-0.4232252814119035,1.5852115800745639,0.0,0.0,0.16458592517652412,2.4272911066505696,0.0,-0.5903137837529453,0.0,0.0,2.1751075478689437,-0.8626638454830287,0.0,0.53945248842908,1.1510864433221337,0.0,0.7242859683401482,-0.9682458365518541,0.0,0.0,-0.7242859683401487,-0.3864121799038685,0.0,-0.5654846967774623,0.0,-0.45927932677184596,0.6743977892876999,1.2566300515505877,1.8763883748662835,2.271080590675612,0.0,0.0,0.0,-0.789234432125921,2.9328776344649525,0.0,0.0,0.0,0.0,0.0,-1.7326721386462485,-1.6538724611187705,0.0,0.0,1.1040762811984706
0.8104003952919099,1.0522153055290697,0.0,1.9303931989028518,0.7958238576516264,0.0,0.8438196242002223,0.0,0.0,-1.7311592336969626,0.0,-0.9640114757419949,0.0,0.0,0.0,1.0519943100411633,1.6015617378046967,-0.5897678246195879,0.6630089307173993,0.5367134825498533,0.0,0.0,0.6400775781817224,0.6070268837823639,1.5482020102709804,-0.9893045053244824,0.0,0.6751906048969997,-0.6900655593423545,0.0,-1.9366468344895675,-0.4232252814119035,1.4336151952032063,0.0,0.0,-1.1945796693725153,0.15598949662992964,0.0,-0.5903137837529453,0.0,0.0,0.12184147317687996,1.169162777329021,0.0,1.3794486038333174,1.1510864433221337,0.0,0.7242859683401482,1.0327955589886444,0.0,0.0,-0.7242859683401487,0.46921478988326965,0.0,1.4572105647726916,0.0,-0.45927932677184596,0.6743977892876999,-1.3994289210449724,0.38490017945975047,0.6393490827307932,0.0,0.0,0.0,1.1543931973290915,0.6823533569274122,0.0,0.0,0.0,0.0,0.0,2.0938359881266013,-1.6538724611187705,0.0,0.0,1.6443085460367728
0.8680241312712875,-0.9296788395687225,0.0,-0.5383439779118515,-0.38269496744295206,0.0,0.8438196242002223,0.0,0.0,0.6717931354644928,0.0,-0.9640114757419949,0.0,0.0,0.0,-0.7824207680931153,-1.0115126765082292,-0.5897678246195879,0.24533014625190966,0.04251195901385297,0.0,0.0,0.6400775781817224,0.6070268837823639,-0.7040427018774177,1.0108111250054495,0.0,0.6751906048969997,-0.6900655593423545,0.0,0.3432032364918217,-0.4232252814119035,0.2068074139294443,0.0,0.0,-0.27491995866830543,-0.13322547917915012,0.0,0.7652215715315956,0.0,0.0,-0.2465064372030462,-0.8626638454830287,0.0,-1.1254950358348412,-0.8687444855261387,0.0,-1.380670127148408,-0.9682458365518541,0.0,0.0,1.3806701271484076,-1.2420391496910066,0.0,-0.5654846967774623,0.0,-0.45927932677184596,0.32595893148905186,1.2566300515505877,-1.1065880159467827,-0.8520743019194076,0.0,0.0,0.0,-0.789234432125921,0.8008020031135985,0.0,0.0,0.0,0.0,0.0,-0.882336999363393,-0.8269362305593853,0.0,0.0,-1.1432899405288672
0.8749389795888128,-0.9296788395687225,0.0,-0.044596542548910906,-0.3945165297317094,0.0,0.8438196242002223,0.0,0.0,0.6717931354644928,0.0,-0.9640114757419949,0.0,0.0,0.0,-0.7824207680931153,0.7305369330337214,-0.5897678246195879,0.6630089307173993,0.5367134825498533,0.0,0.0,0.6400775781817224,0.6070268837823639,0.3684547800980098,-0.9893045053244824,0.0,0.6751906048969997,-0.6900655593423545,0.0,0.3432032364918217,1.288076943427533,-1.1828261140579979,0.0,0.0,2.1741186079583747,1.675332169546962,0.0,-0.5903137837529453,0.0,0.0,1.46394079020473,-0.8626638454830287,0.0,0.050499525731091136,-0.8687444855261387,0.0,0.7242859683401482,-0.9682458365518541,0.0,0.0,-0.7242859683401487,-0.3864121799038685,0.0,1.4572105647726916,0.0,-0.45927932677184596,0.6743977892876999,-0.07139943474719242,0.38490017945975047,0.33274985034625715,0.0,0.0,0.0,1.0860243862427343,0.06049796444993398,0.0,0.0,0.0,0.0,0.0,1.2435008488437458,-0.8269362305593853,0.0,0.0,0.28292323864425095
0.9049033222980892,-0.9296788395687225,0.0,0.7453993540317941,-0.13626086126962583,0.0,-1.2213178771319007,0.0,0.0,0.6717931354644928,0.0,-0.9640114757419949,0.0,0.0,0.0,-0.7824207680931153,-0.14048787173725394,-0.5897678246195879,0.8718483229501441,0.7838142443178535,0.0,0.0,0.6400775781817224,0.6070268837823639,-0.7040427018774177,-0.9893045053244824,0.0,0.6751906048969997,-0.6900655593423545,0.0,0.3432032364918217,-0.4232252814119035,-1.1154499430040612,0.0,0.0,1.7447747098671829,1.1161832163160745,0.0,0.7652215715315956,0.0,0.0,0.9351244832236477,-0.8626638454830287,0.0,-0.3130808824289519,-0.8687444855261387,0.0,0.7242859683401482,-0.9682458365518541,0.0,0.0,-0.7242859683401487,-0.3864121799038685,0.0,1.4572105647726916,0.0,-0.45927932677184596,0.9066903611534651,-0.07139943474719242,0.38490017945975047,-0.11935410249195702,0.0,0.0,0.0,-0.789234432125921,-0.4429087818413579,0.0,0.0,0.0,0.0,0.0,-1.3075045690048208,-0.8269362305593853,0.0,0.0,-0.05349019731585665
0.9463924122032411,-0.9296788395687225,0.0,-0.43959449083926344,-0.3154029974915641,0.0,0.8438196242002223,0.0,0.0,0.6717931354644928,0.0,0.24518210943727048,0.0,0.0,0.0,-0.7824207680931153,-1.0115126765082292,2.4573659359149524,-1.895273624133725,0.7838142443178535,0.0,0.0,1.005275214813012,0.9533673757563509,-0.7040427018774177,1.0108111250054495,0.0,-1.3503812097939998,1.4491376746189433,0.0,0.3432032364918217,-0.9936593563583823,0.6222938020953865,0.0,0.0,-0.6051844956615299,-0.06381388498497098,0.0,0.7652215715315956,0.0,0.0,-0.1808602749571188,-0.8626638454830287,0.0,-1.0803609162011807,1.1510864433221337,0.0,-1.380670127148408,-0.9682458365518541,-1.8224786888818676,0.0,-0.7242859683401487,-0.3864121799038685,0.0,-0.5654846967774623,0.0,-0.45927932677184596,-2.1711862160679254,1.2566300515505877,-1.1065880159467827,-1.1586735343039436,0.0,0.0,0.0,-0.789234432125921,-0.5613574280275443,0.0,0.0,0.0,0.0,0.0,-0.4571694297219653,-0.8269362305593853,0.0,0.0,-0.9596109704838444
1.0916042268712727,-0.9296788395687225,0.0,-3.3033296159443193,-1.2120230295465444,0.0,-1.2213178771319007,0.0,0.0,-1.1304211414065988,0.0,0.07244016869737543,0.0,0.0,0.0,-0.7824207680931153,-1.0115126765082292,-0.5897678246195879,-0.2767683343299524,-0.5134647549641475,0.0,0.0,-1.5511082416060151,-0.4319945921395968,-0.7040427018774177,1.0108111250054495,0.0,-1.3503812097939998,1.4491376746189433,0.0,0.3432032364918217,-1.5640934313048611,0.664403909004097,0.0,0.0,-0.9786374721077146,-0.5728322424089514,0.0,2.120756926816137,0.0,0.0,-0.4908560411184428,-0.8626638454830287,0.0,-1.2934942589156886,1.1510864433221337,0.0,-1.380670127148408,-0.9682458365518541,0.0,0.0,1.3806701271484076,-1.2420391496910066,0.0,-0.5654846967774623,0.0,-0.45927932677184596,-0.37091878410824414,1.2566300515505877,-1.1065880159467827,-1.0339552024865053,0.0,0.0,0.0,2.746409798339981,-1.0943763358653826,0.0,0.0,0.0,0.0,0.0,1.6686684184851734,0.0,0.0,0.0,-1.2837503293868258
1.1192636201413741,1.0522153055290697,0.0,-0.24209551669408716,-0.30994689181982993,0.0,-1.2213178771319007,0.0,0.0,0.6717931354644928,0.0,-0.9640114757419949,0.0,0.0,0.0,1.0519943100411633,0.7305369330337214,-0.5897678246195879,0.6630089307173993,0.5367134825498533,0.0,0.0,0.6400775781817224,0.6070268837823639,0.31482990599923844,-0.9893045053244824,0.0,0.6751906048969997,-0.6900655593423545,0.0,0.3432032364918217,1.288076943427533,-1.1828261140579979,0.0,0.0,0.5786868446372595,-0.7463612278943993,0.0,-0.5903137837529453,0.0,0.0,-0.8263808703754053,1.0130424688946875,0.0,0.5544971949736336,-0.8687444855261387,0.0,0.7242859683401482,1.0327955589886444,0.0,0.0,-0.7242859683401487,0.46921478988326965,0.0,-0.5654846967774623,0.0,-0.45927932677184596,0.6743977892876999,-0.07139943474719242,0.38490017945975047,0.15606554693821942,0.0,0.0,0.0,0.6172096816505704,0.9192506492997848,0.0,0.0,0.0,0.0,0.0,0.3931657095608902,0.8269362305593853,0.0,0.0,0.34775111042484724
1.1330933167764248,1.0522153055290697,0.0,0.9428983281769704,-0.11489111405533373,0.0,0.8438196242002223,0.0,0.0,-1.7311592336969626,0.0,1.4543756946165358,0.0,0.0,0.0,1.0519943100411633,-0.14048787173725394,2.4573659359149524,-1.0599160552027456,-1.5018678020361482,0.0,0.0,-1.5511082416060151,-1.8173565600355446,0.8296286973474437,1.0108111250054495,0.0,-1.3503812097939998,1.4491376746189433,0.0,0.3432032364918217,-1.5640934313048611,-0.1413028031825614,0.0,0.0,-0.7906407356654175,-1.394202773706738,0.0,2.120756926816137,0.0,0.0,-1.439078384670728,0.6962766256945907,0.0,-0.21779774098011304,-0.8687444855261387,0.0,-1.380670127148408,1.0327955589886444,1.8224786888818676,0.0,1.3806701271484076,0.46921478988326965,0.0,-0.5654846967774623,0.0,-0.45927932677184596,-1.2420159286048642,-1.3994289210449724,-1.1065880159467827,-0.8520743019194076,0.0,0.0,0.0,2.9124483395497056,-0.028338520189705764,0.0,0.0,0.0,0.0,0.0,-1.3075045690048208,1.6538724611187705,0.0,0.0,-0.4517926415358402
1.1353982662155997,1.0522153055290697,0.0,-1.9208367969280853,-0.721882870035759,0.0,-1.2213178771319007,0.0,0.0,0.6717931354644928,0.0,-0.4457856535223097,0.0,0.0,0.0,1.0519943100411633,-0.14048787173725394,-0.5897678246195879,0.819638474891958,0.7220390538758534,0.0,0.0,0.6400775781817224,0.6070268837823639,-0.7040427018774177,1.0108111250054495,0.0,0.6751906048969997,-0.6900655593423545,0.0,0.3432032364918217,1.288076943427533,-1.1828261140579979,0.0,0.0,0.31701571148108926,-1.1435497946722022,0.0,-0.5903137837529453,0.0,0.0,-1.2020227987826566,0.7845185391574748,0.0,0.04297717245881438,-0.8687444855261387,0.0,0.7242859683401482,1.0327955589886444,0.0,0.0,-0.7242859683401487,1.3248417596704078,0.0,-0.5654846967774623,0.0,-0.45927932677184596,0.8486172181870238,-1.3994289210449724,0.38490017945975047,-0.3272179888543543,0.0,0.0,0.0,0.18746286910775362,-0.38368445874826473,0.0,0.0,0.0,0.0,0.0,0.3931657095608902,0.0,0.0,0.0,-0.06282541085226251
1.1423131145331251,-0.9296788395687225,0.0,-0.044596542548910906,-0.23492543883348524,0.0,0.8438196242002223,0.0,0.0,0.6717931354644928,0.0,-0.9640114757419949,0.0,0.0,0.0,-0.7824207680931153,0.7305369330337214,-0.5897678246195879,0.6107990826592131,0.47493829210785327,0.0,0.0,0.6400775781817224,0.6070268837823639,-0.7040427018774177,-0.9893045053244824,0.0,0.6751906048969997,-0.6900655593423545,0.0,0.3432032364918217,1.288076943427533,-1.1828261140579979,0.0,0.0,1.5466159876712482,0.7228508492157261,0.0,-0.5903137837529453,0.0,0.0,0.5631295638300589,-0.8626638454830287,0.0,-0.5688408936863615,-0.8687444855261387,0.0,0.7242859683401482,-0.9682458365518541,0.0,0.0,-0.7242859683401487,-0.3864121799038685,0.0,-0.5654846967774623,0.0,-0.45927932677184596,0.6163246463212585,-0.07139943474719242,0.38490017945975047,0.571793319663014,0.0,0.0,0.0,2.687807960265961,-1.0943763358653826,0.0,0.0,0.0,0.0,0.0,-0.03200186008053754,0.8269362305593853,0.0,0.0,-0.01960682966519833
1.1561428111681757,-0.9296788395687225,0.0,0.7453993540317941,0.2379370527168086,0.0,0.8438196242002223,0.0,0.0,0.6717931354644928,0.0,0.5906659909170606,0.0,0.0,0.0,-0.7824207680931153,-1.0115126765082292,0.9337990556476822,-0.7466569668536283,-1.131216659384148,0.0,0.0,-1.5511082416060151,-1.8173565600355446,-0.7040427018774177,1.0108111250054495,0.0,-1.3503812097939998,-0.6900655593423545,0.0,0.3432032364918217,-1.5640934313048611,1.0293581688795868,0.0,0.0,-0.8516126501872436,0.12128369953284007,0.0,-0.5903137837529453,0.0,0.0,0.05984231994461516,-0.8626638454830287,0.0,-0.9148691442110921,1.1510864433221337,0.0,-1.380670127148408,1.0327955589886444,0.0,0.0,1.3806701271484076,-0.3864121799038685,0.0,-0.5654846967774623,0.0,-0.45927932677184596,-0.8935770708062162,-0.07139943474719242,0.38490017945975047,0.16645874125633928,0.0,0.0,0.0,-0.789234432125921,1.5114938802307165,0.0,0.0,0.0,0.0,0.0,0.3931657095608902,-1.6538724611187705,0.0,0.0,-0.5490344492067346
1.2322061426609543,1.0522153055290697,0.0,-2.908331667653967,1.262320892584897,0.0,-0.532938710021193,0.0,0.0,-0.5296830491162349,0.0,-0.9640114757419949,0.0,0.0,0.0,1.0519943100411633,0.7305369330337214,-0.5897678246195879,0.7674286268337718,0.7220390538758534,0.0,0.0,0.6400775781817224,0.6070268837823639,-0.7040427018774177,-0.9893045053244824,0.0,0.6751906048969997,-0.6900655593423545,0.0,0.3432032364918217,1.288076943427533,-1.1828261140579979,0.0,0.0,0.6193347876518102,-0.684662033055129,0.0,-0.5903137837529453,0.0,0.0,-0.7680287261568031,1.6284732499691614,0.0,1.2766431091122017,-0.8687444855261387,0.0,0.7242859683401482,1.0327955589886444,1.8224786888818676,0.0,-0.7242859683401487,1.3248417596704078,0.0,1.4572105647726916,0.0,1.1226827987756236,0.7905440752205826,-1.3994289210449724,0.38490017945975047,-0.15053368544631662,0.0,0.0,0.0,0.18746286910775362,0.3270074183688532,0.0,0.0,0.0,0.0,0.0,1.2435008488437458,-1.6538724611187705,0.0,0.0,0.34775111042484724
1.2391209909784795,1.0522153055290697,0.0,-0.5383439779118515,-0.6632297340646167,0.0,0.8438196242002223,0.0,0.0,0.6717931354644928,0.0,-0.9640114757419949,0.0,0.0,0.0,1.0519943100411633,0.7305369330337214,-0.5897678246195879,0.7152187787755855,0.5984886729918534,0.0,0.0,0.6400775781817224,0.6070268837823639,1.9986509527006597,-0.9893045053244824,0.0,0.6751906048969997,-0.6900655593423545,0.0,0.3432032364918217,-0.4232252814119035,0.3612111392613823,0.0,0.0,-0.6839398852522219,-0.5419826449893163,0.0,-0.5903137837529453,0.0,0.0,-0.6330893926512856,1.1374861930090112,0.0,0.8253019127755966,1.1510864433221337,0.0,0.7242859683401482,1.0327955589886444,0.0,0.0,-0.7242859683401487,1.3248417596704078,0.0,-0.5654846967774623,0.0,-0.45927932677184596,0.7324709322541412,-0.07139943474719242,0.38490017945975047,0.41589540489121607,0.0,0.0,0.0,-0.789234432125921,0.771189841567052,0.0,0.0,0.0,0.0,0.0,0.3931657095608902,0.0,0.0,0.0,0.9938688991714568
1.271390283126931,1.0522153055290697,0.0,-1.0320914132747923,-1.2211165389994345,0.0,0.8438196242002223,0.0,0.0,0.6717931354644928,0.0,-0.6185275942622048,0.0,0.0,0.0,1.0519943100411633,0.7305369330337214,-0.5897678246195879,0.7152187787755855,0.6602638634338535,0.0,0.0,0.6400775781817224,0.6070268837823639,0.28265498153997565,-0.9893045053244824,0.0,0.6751906048969997,-0.6900655593423545,0.0,0.3432032364918217,1.288076943427533,-1.1828261140579979,0.0,0.0,0.3627446473724588,-1.074138200478023,0.0,-0.5903137837529453,0.0,0.0,-1.0853185103454523,1.164637550997591,0.0,0.5444673906105979,-0.8687444855261387,0.0,0.7242859683401482,1.0327955589886444,0.0,0.0,-0.7242859683401487,0.46921478988326965,0.0,1.4572105647726916,0.0,1.1226827987756236,0.7324709322541412,-1.3994289210449724,0.38490017945975047,-0.34280778033153414,0.0,0.0,0.0,0.9492867640700198,2.6959803420925796,0.0,0.0,0.0,0.0,0.0,0.3931657095608902,0.0,0.0,0.0,-0.29188389114370267
1.2806100808836314,2.043162378077966,0.0,-1.1308409003473803,-0.013498483655607255,0.0,-1.2213178771319007,0.0,0.0,0.6717931354644928,0.0,-0.4457856535223097,0.0,0.0,0.0,2.2749376954640157,0.7305369330337214,-0.5897678246195879,0.819638474891958,0.7220390538758534,0.0,0.0,0.6400775781817224,0.6070268837823639,1.2479027153178603,-0.9893045053244824,0.0,0.6751906048969997,-0.6900655593423545,0.0,-4.216496905470957,-0.4232252814119035,0.6559818876223549,0.0,0.0,-1.0218259115606747,-0.6499562359580393,0.0,-0.5903137837529453,0.0,0.0,0.3953671492015776,-0.8626638454830287,0.0,-0.6841836438612717,1.1510864433221337,0.0,0.7242859683401482,-0.9682458365518541,-1.8224786888818676,0.0,-0.7242859683401487,-1.2420391496910066,0.0,-0.5654846967774623,0.0,-0.45927932677184596,0.8486172181870238,-1.3994289210449724,0.38490017945975047,-0.3272179888543543,0.0,0.0,0.0,1.2813638464894692,-1.0943763358653826,0.0,0.0,0.0,0.0,0.0,0.3931657095608902,0.0,0.0,0.0,0.23970465745718678
1.3313189685454838,-0.9296788395687225,0.0,-0.3408450037666753,0.08698479579883019,0.0,-1.2213178771319007,0.0,0.0,0.6717931354644928,0.0,-0.9640114757419949,0.0,0.0,0.0,-0.7824207680931153,0.7305369330337214,-0.5897678246195879,0.6630089307173993,0.5367134825498533,0.0,0.0,0.6400775781817224,0.6070268837823639,0.4757045282955526,-0.9893045053244824,0.0,0.6751906048969997,-0.6900655593423545,0.0,0.3432032364918217,-0.4232252814119035,1.0293581688795868,0.0,0.0,0.4618240084704262,2.1149389327767634,0.0,-0.5903137837529453,0.0,0.0,1.8796998177622704,-0.8626638454830287,0.0,0.33634895007760773,1.1510864433221337,0.0,0.7242859683401482,-0.9682458365518541,0.0,0.0,-0.7242859683401487,-0.3864121799038685,0.0,-0.5654846967774623,0.0,-0.45927932677184596,0.6743977892876999,-0.07139943474719242,0.38490017945975047,0.42109200205027597,0.0,0.0,0.0,-0.789234432125921,1.0376992954859712,0.0,0.0,0.0,0.0,0.0,-1.3075045690048208,0.8269362305593853,0.0,0.0,1.0392484094178742
1.3981625022815618,-0.9296788395687225,0.0,-0.14334602962149903,-1.1201785840723526,0.0,0.8438196242002223,0.0,0.0,0.6717931354644928,0.0,1.627117635356431,0.0,0.0,0.0,-0.7824207680931153,-0.14048787173725394,-0.5897678246195879,0.08870060207735103,-0.14281361231214718,0.0,0.0,-1.5511082416060151,-1.8173565600355446,0.2397550822609585,1.0108111250054495,0.0,-1.3503812097939998,-0.6900655593423545,0.0,0.3432032364918217,-0.4232252814119035,2.1859824386388316,0.0,0.0,-1.3343069734850332,0.9773600279277163,0.0,0.7652215715315956,0.0,0.0,0.8621843029503949,-0.8626638454830287,0.0,-0.36322990424413026,1.1510864433221337,0.0,0.7242859683401482,-0.9682458365518541,0.0,0.0,-0.7242859683401487,-0.3864121799038685,0.0,-0.5654846967774623,0.0,-0.45927932677184596,0.03559321665684518,-0.07139943474719242,0.38490017945975047,0.1716553384153992,0.0,0.0,0.0,0.30466654525579456,0.41584390300849294,0.0,0.0,0.0,0.0,0.0,-0.03200186008053754,0.0,0.0,0.0,0.006324319047040183
1.46500603601764,1.0522153055290697,0.0,2.4241406342657923,1.7429128671701477,0.0,-1.2213178771319007,0.0,0.0,-1.7311592336969626,0.0,-0.9640114757419949,0.0,0.0,0.0,1.0519943100411633,0.7305369330337214,-0.5897678246195879,0.6630089307173993,0.5367134825498533,0.0,0.0,0.6400775781817224,0.6070268837823639,-0.7040427018774177,-0.9893045053244824,0.0,0.6751906048969997,-0.6900655593423545,0.0,0.3432032364918217,-0.4232252814119035,0.7823122083484859,0.0,0.0,-0.9837184649845334,-0.41858425531077553,0.0,-0.5903137837529453,0.0,0.0,-0.5017970681594307,1.266455143454765,0.0,1.058494864216176,1.1510864433221337,0.0,0.7242859683401482,1.0327955589886444,0.0,0.0,-0.7242859683401487,1.3248417596704078,0.0,-0.5654846967774623,0.0,1.1226827987756236,0.6743977892876999,-0.07139943474719242,0.38490017945975047,0.1508689497791595,0.0,0.0,0.0,0.636743627675244,1.6003303648703562,0.0,0.0,0.0,0.0,0.0,-0.03200186008053754,-1.6538724611187705,0.0,0.0,0.4557975633925077
1.4742258337743404,1.0522153055290697,0.0,-0.14334602962149903,-0.10988968385624408,0.0,0.8438196242002223,0.0,0.0,0.6717931354644928,0.0,-0.9640114757419949,0.0,0.0,0.0,1.0519943100411633,1.6015617378046967,-0.5897678246195879,0.6630089307173993,0.5367134825498533,0.0,0.0,0.6400775781817224,0.6070268837823639,0.8939785462659693,-0.9893045053244824,0.0,0.6751906048969997,-0.6900655593423545,0.0,0.3432032364918217,1.288076943427533,-1.1828261140579979,0.0,0.0,1.7295317312367264,1.0004972259924425,0.0,-0.5903137837529453,0.0,0.0,0.8257142128137687,1.1397488061747263,0.0,1.8307898001699225,-0.8687444855261387,0.0,0.7242859683401482,1.0327955589886444,0.0,0.0,-0.7242859683401487,0.46921478988326965,0.0,1.4572105647726916,0.0,-0.45927932677184596,0.6743977892876999,-0.07139943474719242,0.38490017945975047,0.9563415094334491,0.0,0.0,0.0,1.0860243862427343,1.48188171868417,0.0,0.0,0.0,0.0,0.0,0.8183332792023179,-0.8269362305593853,0.0,0.0,1.0716623453081724
1.5064951259227919,-0.9296788395687225,0.0,-0.14334602962149903,-0.06351278564650371,0.0,0.8438196242002223,0.0,0.0,-1.7311592336969626,0.0,0.24518210943727048,0.0,0.0,0.0,-0.7824207680931153,-1.0115126765082292,-0.5897678246195879,-1.2165455993773042,-1.6871933733621483,0.0,0.0,-1.5511082416060151,-1.8173565600355446,-0.006919338593389811,1.0108111250054495,0.0,-1.3503812097939998,1.4491376746189433,0.0,0.3432032364918217,0.7176428684810541,-0.22833035746056282,0.0,0.0,-0.20124556195443224,-0.6191066385384042,0.0,2.120756926816137,0.0,0.0,-0.6039133205419845,-0.8626638454830287,0.0,-1.371225242729215,-0.8687444855261387,0.0,-1.380670127148408,-0.9682458365518541,0.0,0.0,1.3806701271484076,-1.2420391496910066,0.0,-0.5654846967774623,0.0,-0.45927932677184596,-1.4162353575041882,-0.07139943474719242,-1.1065880159467827,-1.0339552024865053,0.0,0.0,0.0,-0.789234432125921,-1.0943763358653826,0.0,0.0,0.0,0.0,0.0,1.6686684184851734,0.0,0.0,0.0,-1.4890385900253806
1.5595089630238193,2.043162378077966,0.0,0.2516519186688535,0.053793486295780714,0.0,0.8438196242002223,0.0,0.0,0.6717931354644928,0.0,2.145343457576116,0.0,0.0,0.0,2.2749376954640157,-1.0115126765082292,-0.5897678246195879,0.8718483229501441,0.8455894347598536,0.0,0.0,0.6400775781817224,0.6070268837823639,-0.7040427018774177,1.0108111250054495,0.0,0.6751906048969997,-0.6900655593423545,0.0,0.3432032364918217,1.288076943427533,-1.1828261140579979,0.0,0.0,-0.556915063331751,-2.470082483716515,0.0,0.7652215715315956,0.0,0.0,-1.107200564427428,0.5854085805745568,0.0,-0.1124847951682385,-0.8687444855261387,0.0,0.7242859683401482,1.0327955589886444,0.0,0.0,-0.7242859683401487,0.46921478988326965,0.0,-0.5654846967774623,0.0,1.1226827987756236,0.9647635041199065,-1.3994289210449724,0.38490017945975047,-0.3272179888543543,0.0,0.0,0.0,0.18746286910775362,-1.0943763358653826,0.0,0.0,0.0,0.0,0.0,-0.4571694297219653,0.0,0.0,0.0,-0.2465043808972853
1.5641188619021695,-0.9296788395687225,0.0,-0.14334602962149903,1.504208244031778,0.0,-1.2213178771319007,0.0,0.0,-1.7311592336969626,0.0,0.24518210943727048,0.0,0.0,0.0,-0.7824207680931153,-0.14048787173725394,2.4573659359149524,-1.0077062071445593,-1.4400926115941481,0.0,0.0,-2.646701151499884,-0.4319945921395968,-0.7040427018774177,1.0108111250054495,0.0,-1.3503812097939998,1.4491376746189433,0.0,-1.9366468344895675,-0.9936593563583823,1.2455233843443,0.0,0.0,-0.6686969066217654,0.6958574514735453,0.0,-0.5903137837529453,0.0,0.0,3.863672721194744,-0.8626638454830287,0.0,1.700402343450459,-0.8687444855261387,0.0,0.7242859683401482,1.0327955589886444,1.8224786888818676,0.0,1.3806701271484076,0.46921478988326965,0.0,3.4799058263228453,0.0,-0.45927932677184596,-1.1839427856384228,-1.3994289210449724,0.38490017945975047,0.4522715850046356,0.0,0.0,0.0,-0.789234432125921,0.14933444908957372,0.0,0.0,0.0,0.0,0.0,-0.4571694297219653,0.0,0.0,0.0,1.2661459606499612
1.6240475473207223,-0.9296788395687225,0.0,-0.14334602962149903,-0.3804215900797295,0.0,-1.2213178771319007,0.0,0.0,-1.7311592336969626,0.0,0.07244016869737543,0.0,0.0,0.0,-0.7824207680931153,-1.0115126765082292,-0.5897678246195879,-0.22455848627176622,-0.5134647549641475,0.0,0.0,-1.5511082416060151,-0.4319945921395968,-0.7040427018774177,1.0108111250054495,0.0,-1.3503812097939998,1.4491376746189433,0.0,0.3432032364918217,-1.5640934313048611,0.5717616738049341,0.0,0.0,-1.0040424364918088,-0.7386488285394904,0.0,-0.5903137837529453,0.0,0.0,-0.81908685234808,-0.8626638454830287,0.0,-1.5191648570839913,1.1510864433221337,0.0,-1.380670127148408,-0.9682458365518541,0.0,0.0,1.3806701271484076,-1.2420391496910066,0.0,-0.5654846967774623,0.0,-0.45927932677184596,-0.6032113559740095,1.2566300515505877,-2.598076211353316,-2.4058568524783275,0.0,0.0,0.0,-0.789234432125921,-1.0943763358653826,0.0,0.0,0.0,0.0,0.0,-1.3075045690048208,0.8269362305593853,0.0,0.0,-1.4458200088383164
1.6309623956382475,1.0522153055290697,0.0,0.8441488411043823,1.2745971303462988,0.0,0.8438196242002223,0.0,0.0,0.6717931354644928,0.0,-0.9640114757419949,0.0,0.0,0.0,1.0519943100411633,0.7305369330337214,-0.5897678246195879,0.6107990826592131,0.47493829210785327,0.0,0.0,0.6400775781817224,0.6070268837823639,-0.7040427018774177,-0.9893045053244824,0.0,0.6751906048969997,-0.6900655593423545,0.0,0.3432032364918217,-0.4232252814119035,0.6868626326887425,0.0,0.0,-0.8262076858031494,-0.3106106643420524,0.0,-0.5903137837529453,0.0,0.0,-0.41426885183152745,1.164637550997591,0.0,1.0058383913102387,1.1510864433221337,0.0,0.7242859683401482,1.0327955589886444,0.0,0.0,-0.7242859683401487,-0.3864121799038685,0.0,-0.5654846967774623,0.0,-0.45927932677184596,0.6163246463212585,-0.07139943474719242,0.38490017945975047,0.8264265804569507,0.0,0.0,0.0,-0.789234432125921,0.23817093372921347,0.0,0.0,0.0,0.0,0.0,-0.03200186008053754,0.8269362305593853,0.0,0.0,1.1040762811984706
1.6908910810568003,-0.9296788395687225,0.0,-1.0320914132747923,-0.28039298609793656,0.0,0.8438196242002223,0.0,0.0,-0.5296830491162349,0.0,0.24518210943727048,0.0,0.0,0.0,-0.7824207680931153,-1.8825374812792044,0.9337990556476822,-0.9554963590863731,-1.378317421152148,0.0,0.0,-1.5511082416060151,-1.8173565600355446,-0.7040427018774177,1.0108111250054495,0.0,0.6751906048969997,1.4491376746189433,0.0,0.3432032364918217,-1.5640934313048611,0.5464956096597079,0.0,0.0,-0.902422578955432,-0.6191066385384042,0.0,2.120756926816137,0.0,0.0,-0.7060295729245383,-0.8626638454830287,0.0,-1.4414338732704648,-0.8687444855261387,0.0,-1.380670127148408,-0.9682458365518541,0.0,0.0,1.3806701271484076,-1.2420391496910066,0.0,-0.5654846967774623,0.0,2.7046449243230932,-0.9516502137726575,1.2566300515505877,0.38490017945975047,0.33794644750531705,0.0,0.0,0.0,-0.789234432125921,-1.0943763358653826,0.0,0.0,0.0,0.0,0.0,-0.4571694297219653,-0.8269362305593853,0.0,0.0,-1.2621410387932936
